-- MySQL dump 10.13  Distrib 5.7.22, for macos10.13 (x86_64)
--
-- Host: 127.0.0.1    Database: pagenow_open
-- ------------------------------------------------------
-- Server version	5.7.22

/*!40101 SET @OLD_CHARACTER_SET_CLIENT=@@CHARACTER_SET_CLIENT */;
/*!40101 SET @OLD_CHARACTER_SET_RESULTS=@@CHARACTER_SET_RESULTS */;
/*!40101 SET @OLD_COLLATION_CONNECTION=@@COLLATION_CONNECTION */;
/*!40101 SET NAMES utf8 */;
/*!40103 SET @OLD_TIME_ZONE=@@TIME_ZONE */;
/*!40103 SET TIME_ZONE='+00:00' */;
/*!40014 SET @OLD_UNIQUE_CHECKS=@@UNIQUE_CHECKS, UNIQUE_CHECKS=0 */;
/*!40014 SET @OLD_FOREIGN_KEY_CHECKS=@@FOREIGN_KEY_CHECKS, FOREIGN_KEY_CHECKS=0 */;
/*!40101 SET @OLD_SQL_MODE=@@SQL_MODE, SQL_MODE='NO_AUTO_VALUE_ON_ZERO' */;
/*!40111 SET @OLD_SQL_NOTES=@@SQL_NOTES, SQL_NOTES=0 */;

--
-- Table structure for table `pn_compinfo`
--

DROP TABLE IF EXISTS `pn_compinfo`;
/*!40101 SET @saved_cs_client     = @@character_set_client */;
/*!40101 SET character_set_client = utf8 */;
CREATE TABLE `pn_compinfo` (
  `id` varchar(64) NOT NULL,
  `type_id` varchar(64) DEFAULT NULL,
  `name` varchar(255) DEFAULT NULL,
  `alias_name` varchar(255) DEFAULT NULL,
  `remark` text,
  `enabled` char(1) DEFAULT NULL,
  `thumbnail_uri` varchar(255) DEFAULT NULL,
  `create_date` varchar(32) DEFAULT NULL,
  PRIMARY KEY (`id`)
) ENGINE=InnoDB DEFAULT CHARSET=utf8;
/*!40101 SET character_set_client = @saved_cs_client */;

--
-- Dumping data for table `pn_compinfo`
--

LOCK TABLES `pn_compinfo` WRITE;
/*!40000 ALTER TABLE `pn_compinfo` DISABLE KEYS */;
INSERT INTO `pn_compinfo` VALUES ('09d08ca77aef4666abd09a34fc6e882e','2db98098ba9942968b3fa7ddfa8d73bd','PlainTextComp','多行文本','','1','default/PlainTextComp/PlainTextComp.png','2019-10-10 10:19:26'),('34a36c80f0144c43a96bb587b8b1bac7','2db98098ba9942968b3fa7ddfa8d73bd','TitleComp','标题','单纯的静态文本组件，无法对接数据源','1','default/TitleComp/TitleComp.png','2020-02-04 18:13:15'),('3aaeb1dffdc14219802b18f836e9325e','fe493d19ec50413ab92179a13bde6935','IFrameComp','IFrame','','1','default/IFrameComp/IFrameComp.png','2019-09-27 09:47:49'),('590a39894c864d1288e321eed72499b9','f2165365fe7a4927963aca8599d01783','WaterBallChart','水波球','','1','echarts/pie/WaterBallChart/WaterBallChart.png','2020-02-05 22:06:07'),('5b2bbbcdc8d2475fb6e5f518e246414c','fe493d19ec50413ab92179a13bde6935','PnIconComp','图标','','0',NULL,'2019-09-10 17:09:42'),('69fd99d9b4ee4442afcc4591019626d1','2db98098ba9942968b3fa7ddfa8d73bd','RollListComp','滚动列表','','1','default/RollListComp/RollListComp.png','2019-10-15 00:35:36'),('791a2f79d6364fc7a21604f7bd2c7f9e','fe493d19ec50413ab92179a13bde6935','TestChinaMapChart','地图','','0',NULL,'2019-09-04 10:16:35'),('79b89bb6fedf4640bb13a30d9356f4a0','fe493d19ec50413ab92179a13bde6935','ITableComp','表格','','0',NULL,'2019-09-05 09:32:02'),('81bece7cb4f848b1867710a009a73b1d','fe493d19ec50413ab92179a13bde6935','RadialProgressBarComp','圆形进度条','','1','default/RadialProgressBarComp/RadialProgressBarComp.png','2020-01-28 14:42:15'),('85405625df6c4bc4bc57e042fbddb0a3','2db98098ba9942968b3fa7ddfa8d73bd','CountRollComp','数字滚动器','','1','default/CountRollComp/CountRollComp.png','2019-10-14 09:36:40'),('891781776c3643aabc11fa516a6be473','2db98098ba9942968b3fa7ddfa8d73bd','ClockComp','时钟','','1','default/ClockComp/ClockComp.png','2019-10-15 09:54:06'),('8990d4ba977f4a9d9234b2c0166531b4','fe493d19ec50413ab92179a13bde6935','ProgressBarComp','条形进度条','','1','default/ProgressBarComp/ProgressBarComp.png','2020-02-05 22:42:50'),('8c15185085f74a5f8735c6918b2558a4','f2165365fe7a4927963aca8599d01783','BaseBarChart','基本柱状图','','1','echarts/bar/BaseBarChart/BaseBarChart.png','2019-10-10 15:38:52'),('b0d37ecb9b914a08839603465f7a49e5','f2165365fe7a4927963aca8599d01783','BasePieChart','基础饼图','','1','echarts/pie/BasePieChart/BasePieChart.png','2019-10-11 16:20:42'),('b7c40077907e4943aee59e8f45ecb8d1','2db98098ba9942968b3fa7ddfa8d73bd','CustomButtonComp','按钮','','1','default/CustomButtonComp/CustomButtonComp.png','2019-10-15 16:01:38'),('ca3bedf81d2a4f52b90e94ce5691d6a7','205999e8cd66480ca20cc45fede7bee7','ImageComp','单张图片','','1','default/ImageComp/ImageComp.png','2019-10-09 22:41:45'),('f1723d13f55e4666ba24e6ca60d1d299','fe493d19ec50413ab92179a13bde6935','TestBarChart2','柱状图2','','0',NULL,'2019-09-04 10:16:26'),('f172d4f11b6745b589a7190e668005d6','fe493d19ec50413ab92179a13bde6935','TestBarChart','柱状图1','','0',NULL,'2019-09-04 10:16:16'),('fe169f41566641b4bde9001fe6f018a0','205999e8cd66480ca20cc45fede7bee7','SwiperImageComp','轮播图片','','1','default/SwiperImageComp/SwiperImageComp.png','2019-10-09 22:42:01');
/*!40000 ALTER TABLE `pn_compinfo` ENABLE KEYS */;
UNLOCK TABLES;

--
-- Table structure for table `pn_compinfo_type`
--

DROP TABLE IF EXISTS `pn_compinfo_type`;
/*!40101 SET @saved_cs_client     = @@character_set_client */;
/*!40101 SET character_set_client = utf8 */;
CREATE TABLE `pn_compinfo_type` (
  `id` varchar(64) NOT NULL,
  `name` varchar(255) DEFAULT NULL,
  `remark` text,
  `create_date` varchar(32) DEFAULT NULL,
  PRIMARY KEY (`id`)
) ENGINE=InnoDB DEFAULT CHARSET=utf8;
/*!40101 SET character_set_client = @saved_cs_client */;

--
-- Dumping data for table `pn_compinfo_type`
--

LOCK TABLES `pn_compinfo_type` WRITE;
/*!40000 ALTER TABLE `pn_compinfo_type` DISABLE KEYS */;
INSERT INTO `pn_compinfo_type` VALUES ('205999e8cd66480ca20cc45fede7bee7','图片组件','','2019-10-09 22:41:10'),('2db98098ba9942968b3fa7ddfa8d73bd','文本组件','','2019-10-10 10:19:04'),('614a46e62f9d4957952f999388b89240','自定义组件','','2019-11-07 16:38:05'),('f2165365fe7a4927963aca8599d01783','图表组件','','2019-09-30 16:10:05'),('fe493d19ec50413ab92179a13bde6935','通用组件','','2019-09-04 09:32:48');
/*!40000 ALTER TABLE `pn_compinfo_type` ENABLE KEYS */;
UNLOCK TABLES;

--
-- Table structure for table `pn_echart_theme`
--

DROP TABLE IF EXISTS `pn_echart_theme`;
/*!40101 SET @saved_cs_client     = @@character_set_client */;
/*!40101 SET character_set_client = utf8 */;
CREATE TABLE `pn_echart_theme` (
  `id` varchar(64) NOT NULL,
  `name` varchar(255) DEFAULT NULL,
  `jsonText` text,
  `remark` text,
  `userid` varchar(64) DEFAULT NULL,
  `create_date` varchar(32) DEFAULT NULL,
  PRIMARY KEY (`id`)
) ENGINE=InnoDB DEFAULT CHARSET=utf8;
/*!40101 SET character_set_client = @saved_cs_client */;

--
-- Dumping data for table `pn_echart_theme`
--

LOCK TABLES `pn_echart_theme` WRITE;
/*!40000 ALTER TABLE `pn_echart_theme` DISABLE KEYS */;
INSERT INTO `pn_echart_theme` VALUES ('3aeb9a04bad64625b5deda62ada59f41','westeros','\n{\n    \"color\": [\n        \"#516b91\",\n        \"#59c4e6\",\n        \"#edafda\",\n        \"#93b7e3\",\n        \"#a5e7f0\",\n        \"#cbb0e3\"\n    ],\n    \"backgroundColor\": \"rgba(0,0,0,0)\",\n    \"textStyle\": {},\n    \"title\": {\n        \"textStyle\": {\n            \"color\": \"#516b91\"\n        },\n        \"subtextStyle\": {\n            \"color\": \"#93b7e3\"\n        }\n    },\n    \"line\": {\n        \"itemStyle\": {\n            \"normal\": {\n                \"borderWidth\": \"2\"\n            }\n        },\n        \"lineStyle\": {\n            \"normal\": {\n                \"width\": \"2\"\n            }\n        },\n        \"symbolSize\": \"6\",\n        \"symbol\": \"emptyCircle\",\n        \"smooth\": true\n    },\n    \"radar\": {\n        \"itemStyle\": {\n            \"normal\": {\n                \"borderWidth\": \"2\"\n            }\n        },\n        \"lineStyle\": {\n            \"normal\": {\n                \"width\": \"2\"\n            }\n        },\n        \"symbolSize\": \"6\",\n        \"symbol\": \"emptyCircle\",\n        \"smooth\": true\n    },\n    \"bar\": {\n        \"itemStyle\": {\n            \"normal\": {\n                \"barBorderWidth\": 0,\n                \"barBorderColor\": \"#ccc\"\n            },\n            \"emphasis\": {\n                \"barBorderWidth\": 0,\n                \"barBorderColor\": \"#ccc\"\n            }\n        }\n    },\n    \"pie\": {\n        \"itemStyle\": {\n            \"normal\": {\n                \"borderWidth\": 0,\n                \"borderColor\": \"#ccc\"\n            },\n            \"emphasis\": {\n                \"borderWidth\": 0,\n                \"borderColor\": \"#ccc\"\n            }\n        }\n    },\n    \"scatter\": {\n        \"itemStyle\": {\n            \"normal\": {\n                \"borderWidth\": 0,\n                \"borderColor\": \"#ccc\"\n            },\n            \"emphasis\": {\n                \"borderWidth\": 0,\n                \"borderColor\": \"#ccc\"\n            }\n        }\n    },\n    \"boxplot\": {\n        \"itemStyle\": {\n            \"normal\": {\n                \"borderWidth\": 0,\n                \"borderColor\": \"#ccc\"\n            },\n            \"emphasis\": {\n                \"borderWidth\": 0,\n                \"borderColor\": \"#ccc\"\n            }\n        }\n    },\n    \"parallel\": {\n        \"itemStyle\": {\n            \"normal\": {\n                \"borderWidth\": 0,\n                \"borderColor\": \"#ccc\"\n            },\n            \"emphasis\": {\n                \"borderWidth\": 0,\n                \"borderColor\": \"#ccc\"\n            }\n        }\n    },\n    \"sankey\": {\n        \"itemStyle\": {\n            \"normal\": {\n                \"borderWidth\": 0,\n                \"borderColor\": \"#ccc\"\n            },\n            \"emphasis\": {\n                \"borderWidth\": 0,\n                \"borderColor\": \"#ccc\"\n            }\n        }\n    },\n    \"funnel\": {\n        \"itemStyle\": {\n            \"normal\": {\n                \"borderWidth\": 0,\n                \"borderColor\": \"#ccc\"\n            },\n            \"emphasis\": {\n                \"borderWidth\": 0,\n                \"borderColor\": \"#ccc\"\n            }\n        }\n    },\n    \"gauge\": {\n        \"itemStyle\": {\n            \"normal\": {\n                \"borderWidth\": 0,\n                \"borderColor\": \"#ccc\"\n            },\n            \"emphasis\": {\n                \"borderWidth\": 0,\n                \"borderColor\": \"#ccc\"\n            }\n        }\n    },\n    \"candlestick\": {\n        \"itemStyle\": {\n            \"normal\": {\n                \"color\": \"#edafda\",\n                \"color0\": \"transparent\",\n                \"borderColor\": \"#d680bc\",\n                \"borderColor0\": \"#8fd3e8\",\n                \"borderWidth\": \"2\"\n            }\n        }\n    },\n    \"graph\": {\n        \"itemStyle\": {\n            \"normal\": {\n                \"borderWidth\": 0,\n                \"borderColor\": \"#ccc\"\n            }\n        },\n        \"lineStyle\": {\n            \"normal\": {\n                \"width\": 1,\n                \"color\": \"#aaaaaa\"\n            }\n        },\n        \"symbolSize\": \"6\",\n        \"symbol\": \"emptyCircle\",\n        \"smooth\": true,\n        \"color\": [\n            \"#516b91\",\n            \"#59c4e6\",\n            \"#edafda\",\n            \"#93b7e3\",\n            \"#a5e7f0\",\n            \"#cbb0e3\"\n        ],\n        \"label\": {\n            \"normal\": {\n                \"textStyle\": {\n                    \"color\": \"#eeeeee\"\n                }\n            }\n        }\n    },\n    \"map\": {\n        \"itemStyle\": {\n            \"normal\": {\n                \"areaColor\": \"#f3f3f3\",\n                \"borderColor\": \"#516b91\",\n                \"borderWidth\": 0.5\n            },\n            \"emphasis\": {\n                \"areaColor\": \"rgba(165,231,240,1)\",\n                \"borderColor\": \"#516b91\",\n                \"borderWidth\": 1\n            }\n        },\n        \"label\": {\n            \"normal\": {\n                \"textStyle\": {\n                    \"color\": \"#000000\"\n                }\n            },\n            \"emphasis\": {\n                \"textStyle\": {\n                    \"color\": \"rgb(81,107,145)\"\n                }\n            }\n        }\n    },\n    \"geo\": {\n        \"itemStyle\": {\n            \"normal\": {\n                \"areaColor\": \"#f3f3f3\",\n                \"borderColor\": \"#516b91\",\n                \"borderWidth\": 0.5\n            },\n            \"emphasis\": {\n                \"areaColor\": \"rgba(165,231,240,1)\",\n                \"borderColor\": \"#516b91\",\n                \"borderWidth\": 1\n            }\n        },\n        \"label\": {\n            \"normal\": {\n                \"textStyle\": {\n                    \"color\": \"#000000\"\n                }\n            },\n            \"emphasis\": {\n                \"textStyle\": {\n                    \"color\": \"rgb(81,107,145)\"\n                }\n            }\n        }\n    },\n    \"categoryAxis\": {\n        \"axisLine\": {\n            \"show\": true,\n            \"lineStyle\": {\n                \"color\": \"#cccccc\"\n            }\n        },\n        \"axisTick\": {\n            \"show\": false,\n            \"lineStyle\": {\n                \"color\": \"#333\"\n            }\n        },\n        \"axisLabel\": {\n            \"show\": true,\n            \"textStyle\": {\n                \"color\": \"#999999\"\n            }\n        },\n        \"splitLine\": {\n            \"show\": true,\n            \"lineStyle\": {\n                \"color\": [\n                    \"#eeeeee\"\n                ]\n            }\n        },\n        \"splitArea\": {\n            \"show\": false,\n            \"areaStyle\": {\n                \"color\": [\n                    \"rgba(250,250,250,0.05)\",\n                    \"rgba(200,200,200,0.02)\"\n                ]\n            }\n        }\n    },\n    \"valueAxis\": {\n        \"axisLine\": {\n            \"show\": true,\n            \"lineStyle\": {\n                \"color\": \"#cccccc\"\n            }\n        },\n        \"axisTick\": {\n            \"show\": false,\n            \"lineStyle\": {\n                \"color\": \"#333\"\n            }\n        },\n        \"axisLabel\": {\n            \"show\": true,\n            \"textStyle\": {\n                \"color\": \"#999999\"\n            }\n        },\n        \"splitLine\": {\n            \"show\": true,\n            \"lineStyle\": {\n                \"color\": [\n                    \"#eeeeee\"\n                ]\n            }\n        },\n        \"splitArea\": {\n            \"show\": false,\n            \"areaStyle\": {\n                \"color\": [\n                    \"rgba(250,250,250,0.05)\",\n                    \"rgba(200,200,200,0.02)\"\n                ]\n            }\n        }\n    },\n    \"logAxis\": {\n        \"axisLine\": {\n            \"show\": true,\n            \"lineStyle\": {\n                \"color\": \"#cccccc\"\n            }\n        },\n        \"axisTick\": {\n            \"show\": false,\n            \"lineStyle\": {\n                \"color\": \"#333\"\n            }\n        },\n        \"axisLabel\": {\n            \"show\": true,\n            \"textStyle\": {\n                \"color\": \"#999999\"\n            }\n        },\n        \"splitLine\": {\n            \"show\": true,\n            \"lineStyle\": {\n                \"color\": [\n                    \"#eeeeee\"\n                ]\n            }\n        },\n        \"splitArea\": {\n            \"show\": false,\n            \"areaStyle\": {\n                \"color\": [\n                    \"rgba(250,250,250,0.05)\",\n                    \"rgba(200,200,200,0.02)\"\n                ]\n            }\n        }\n    },\n    \"timeAxis\": {\n        \"axisLine\": {\n            \"show\": true,\n            \"lineStyle\": {\n                \"color\": \"#cccccc\"\n            }\n        },\n        \"axisTick\": {\n            \"show\": false,\n            \"lineStyle\": {\n                \"color\": \"#333\"\n            }\n        },\n        \"axisLabel\": {\n            \"show\": true,\n            \"textStyle\": {\n                \"color\": \"#999999\"\n            }\n        },\n        \"splitLine\": {\n            \"show\": true,\n            \"lineStyle\": {\n                \"color\": [\n                    \"#eeeeee\"\n                ]\n            }\n        },\n        \"splitArea\": {\n            \"show\": false,\n            \"areaStyle\": {\n                \"color\": [\n                    \"rgba(250,250,250,0.05)\",\n                    \"rgba(200,200,200,0.02)\"\n                ]\n            }\n        }\n    },\n    \"toolbox\": {\n        \"iconStyle\": {\n            \"normal\": {\n                \"borderColor\": \"#999999\"\n            },\n            \"emphasis\": {\n                \"borderColor\": \"#666666\"\n            }\n        }\n    },\n    \"legend\": {\n        \"textStyle\": {\n            \"color\": \"#999999\"\n        }\n    },\n    \"tooltip\": {\n        \"axisPointer\": {\n            \"lineStyle\": {\n                \"color\": \"#cccccc\",\n                \"width\": 1\n            },\n            \"crossStyle\": {\n                \"color\": \"#cccccc\",\n                \"width\": 1\n            }\n        }\n    },\n    \"timeline\": {\n        \"lineStyle\": {\n            \"color\": \"#8fd3e8\",\n            \"width\": 1\n        },\n        \"itemStyle\": {\n            \"normal\": {\n                \"color\": \"#8fd3e8\",\n                \"borderWidth\": 1\n            },\n            \"emphasis\": {\n                \"color\": \"#8fd3e8\"\n            }\n        },\n        \"controlStyle\": {\n            \"normal\": {\n                \"color\": \"#8fd3e8\",\n                \"borderColor\": \"#8fd3e8\",\n                \"borderWidth\": 0.5\n            },\n            \"emphasis\": {\n                \"color\": \"#8fd3e8\",\n                \"borderColor\": \"#8fd3e8\",\n                \"borderWidth\": 0.5\n            }\n        },\n        \"checkpointStyle\": {\n            \"color\": \"#8fd3e8\",\n            \"borderColor\": \"rgba(138,124,168,0.37)\"\n        },\n        \"label\": {\n            \"normal\": {\n                \"textStyle\": {\n                    \"color\": \"#8fd3e8\"\n                }\n            },\n            \"emphasis\": {\n                \"textStyle\": {\n                    \"color\": \"#8fd3e8\"\n                }\n            }\n        }\n    },\n    \"visualMap\": {\n        \"color\": [\n            \"#516b91\",\n            \"#59c4e6\",\n            \"#a5e7f0\"\n        ]\n    },\n    \"dataZoom\": {\n        \"backgroundColor\": \"rgba(0,0,0,0)\",\n        \"dataBackgroundColor\": \"rgba(255,255,255,0.3)\",\n        \"fillerColor\": \"rgba(167,183,204,0.4)\",\n        \"handleColor\": \"#a7b7cc\",\n        \"handleSize\": \"100%\",\n        \"textStyle\": {\n            \"color\": \"#333333\"\n        }\n    },\n    \"markPoint\": {\n        \"label\": {\n            \"normal\": {\n                \"textStyle\": {\n                    \"color\": \"#eeeeee\"\n                }\n            },\n            \"emphasis\": {\n                \"textStyle\": {\n                    \"color\": \"#eeeeee\"\n                }\n            }\n        }\n    }\n}\n','','1','2019-09-09 16:08:45'),('459b42da4c2740e1b0ba1a7b3d753a43','vintage','\n{\n    \"color\": [\n        \"#d87c7c\",\n        \"#919e8b\",\n        \"#d7ab82\",\n        \"#6e7074\",\n        \"#61a0a8\",\n        \"#efa18d\",\n        \"#787464\",\n        \"#cc7e63\",\n        \"#724e58\",\n        \"#4b565b\"\n    ],\n    \"backgroundColor\": \"rgba(254,248,239,1)\",\n    \"textStyle\": {},\n    \"title\": {\n        \"textStyle\": {\n            \"color\": \"#333333\"\n        },\n        \"subtextStyle\": {\n            \"color\": \"#aaaaaa\"\n        }\n    },\n    \"line\": {\n        \"itemStyle\": {\n            \"normal\": {\n                \"borderWidth\": 1\n            }\n        },\n        \"lineStyle\": {\n            \"normal\": {\n                \"width\": 2\n            }\n        },\n        \"symbolSize\": 4,\n        \"symbol\": \"emptyCircle\",\n        \"smooth\": false\n    },\n    \"radar\": {\n        \"itemStyle\": {\n            \"normal\": {\n                \"borderWidth\": 1\n            }\n        },\n        \"lineStyle\": {\n            \"normal\": {\n                \"width\": 2\n            }\n        },\n        \"symbolSize\": 4,\n        \"symbol\": \"emptyCircle\",\n        \"smooth\": false\n    },\n    \"bar\": {\n        \"itemStyle\": {\n            \"normal\": {\n                \"barBorderWidth\": 0,\n                \"barBorderColor\": \"#ccc\"\n            },\n            \"emphasis\": {\n                \"barBorderWidth\": 0,\n                \"barBorderColor\": \"#ccc\"\n            }\n        }\n    },\n    \"pie\": {\n        \"itemStyle\": {\n            \"normal\": {\n                \"borderWidth\": 0,\n                \"borderColor\": \"#ccc\"\n            },\n            \"emphasis\": {\n                \"borderWidth\": 0,\n                \"borderColor\": \"#ccc\"\n            }\n        }\n    },\n    \"scatter\": {\n        \"itemStyle\": {\n            \"normal\": {\n                \"borderWidth\": 0,\n                \"borderColor\": \"#ccc\"\n            },\n            \"emphasis\": {\n                \"borderWidth\": 0,\n                \"borderColor\": \"#ccc\"\n            }\n        }\n    },\n    \"boxplot\": {\n        \"itemStyle\": {\n            \"normal\": {\n                \"borderWidth\": 0,\n                \"borderColor\": \"#ccc\"\n            },\n            \"emphasis\": {\n                \"borderWidth\": 0,\n                \"borderColor\": \"#ccc\"\n            }\n        }\n    },\n    \"parallel\": {\n        \"itemStyle\": {\n            \"normal\": {\n                \"borderWidth\": 0,\n                \"borderColor\": \"#ccc\"\n            },\n            \"emphasis\": {\n                \"borderWidth\": 0,\n                \"borderColor\": \"#ccc\"\n            }\n        }\n    },\n    \"sankey\": {\n        \"itemStyle\": {\n            \"normal\": {\n                \"borderWidth\": 0,\n                \"borderColor\": \"#ccc\"\n            },\n            \"emphasis\": {\n                \"borderWidth\": 0,\n                \"borderColor\": \"#ccc\"\n            }\n        }\n    },\n    \"funnel\": {\n        \"itemStyle\": {\n            \"normal\": {\n                \"borderWidth\": 0,\n                \"borderColor\": \"#ccc\"\n            },\n            \"emphasis\": {\n                \"borderWidth\": 0,\n                \"borderColor\": \"#ccc\"\n            }\n        }\n    },\n    \"gauge\": {\n        \"itemStyle\": {\n            \"normal\": {\n                \"borderWidth\": 0,\n                \"borderColor\": \"#ccc\"\n            },\n            \"emphasis\": {\n                \"borderWidth\": 0,\n                \"borderColor\": \"#ccc\"\n            }\n        }\n    },\n    \"candlestick\": {\n        \"itemStyle\": {\n            \"normal\": {\n                \"color\": \"#c23531\",\n                \"color0\": \"#314656\",\n                \"borderColor\": \"#c23531\",\n                \"borderColor0\": \"#314656\",\n                \"borderWidth\": 1\n            }\n        }\n    },\n    \"graph\": {\n        \"itemStyle\": {\n            \"normal\": {\n                \"borderWidth\": 0,\n                \"borderColor\": \"#ccc\"\n            }\n        },\n        \"lineStyle\": {\n            \"normal\": {\n                \"width\": 1,\n                \"color\": \"#aaaaaa\"\n            }\n        },\n        \"symbolSize\": 4,\n        \"symbol\": \"emptyCircle\",\n        \"smooth\": false,\n        \"color\": [\n            \"#d87c7c\",\n            \"#919e8b\",\n            \"#d7ab82\",\n            \"#6e7074\",\n            \"#61a0a8\",\n            \"#efa18d\",\n            \"#787464\",\n            \"#cc7e63\",\n            \"#724e58\",\n            \"#4b565b\"\n        ],\n        \"label\": {\n            \"normal\": {\n                \"textStyle\": {\n                    \"color\": \"#eeeeee\"\n                }\n            }\n        }\n    },\n    \"map\": {\n        \"itemStyle\": {\n            \"normal\": {\n                \"areaColor\": \"#eeeeee\",\n                \"borderColor\": \"#444444\",\n                \"borderWidth\": 0.5\n            },\n            \"emphasis\": {\n                \"areaColor\": \"rgba(255,215,0,0.8)\",\n                \"borderColor\": \"#444444\",\n                \"borderWidth\": 1\n            }\n        },\n        \"label\": {\n            \"normal\": {\n                \"textStyle\": {\n                    \"color\": \"#000000\"\n                }\n            },\n            \"emphasis\": {\n                \"textStyle\": {\n                    \"color\": \"rgb(100,0,0)\"\n                }\n            }\n        }\n    },\n    \"geo\": {\n        \"itemStyle\": {\n            \"normal\": {\n                \"areaColor\": \"#eeeeee\",\n                \"borderColor\": \"#444444\",\n                \"borderWidth\": 0.5\n            },\n            \"emphasis\": {\n                \"areaColor\": \"rgba(255,215,0,0.8)\",\n                \"borderColor\": \"#444444\",\n                \"borderWidth\": 1\n            }\n        },\n        \"label\": {\n            \"normal\": {\n                \"textStyle\": {\n                    \"color\": \"#000000\"\n                }\n            },\n            \"emphasis\": {\n                \"textStyle\": {\n                    \"color\": \"rgb(100,0,0)\"\n                }\n            }\n        }\n    },\n    \"categoryAxis\": {\n        \"axisLine\": {\n            \"show\": true,\n            \"lineStyle\": {\n                \"color\": \"#333\"\n            }\n        },\n        \"axisTick\": {\n            \"show\": true,\n            \"lineStyle\": {\n                \"color\": \"#333\"\n            }\n        },\n        \"axisLabel\": {\n            \"show\": true,\n            \"textStyle\": {\n                \"color\": \"#333\"\n            }\n        },\n        \"splitLine\": {\n            \"show\": false,\n            \"lineStyle\": {\n                \"color\": [\n                    \"#ccc\"\n                ]\n            }\n        },\n        \"splitArea\": {\n            \"show\": false,\n            \"areaStyle\": {\n                \"color\": [\n                    \"rgba(250,250,250,0.3)\",\n                    \"rgba(200,200,200,0.3)\"\n                ]\n            }\n        }\n    },\n    \"valueAxis\": {\n        \"axisLine\": {\n            \"show\": true,\n            \"lineStyle\": {\n                \"color\": \"#333\"\n            }\n        },\n        \"axisTick\": {\n            \"show\": true,\n            \"lineStyle\": {\n                \"color\": \"#333\"\n            }\n        },\n        \"axisLabel\": {\n            \"show\": true,\n            \"textStyle\": {\n                \"color\": \"#333\"\n            }\n        },\n        \"splitLine\": {\n            \"show\": true,\n            \"lineStyle\": {\n                \"color\": [\n                    \"#ccc\"\n                ]\n            }\n        },\n        \"splitArea\": {\n            \"show\": false,\n            \"areaStyle\": {\n                \"color\": [\n                    \"rgba(250,250,250,0.3)\",\n                    \"rgba(200,200,200,0.3)\"\n                ]\n            }\n        }\n    },\n    \"logAxis\": {\n        \"axisLine\": {\n            \"show\": true,\n            \"lineStyle\": {\n                \"color\": \"#333\"\n            }\n        },\n        \"axisTick\": {\n            \"show\": true,\n            \"lineStyle\": {\n                \"color\": \"#333\"\n            }\n        },\n        \"axisLabel\": {\n            \"show\": true,\n            \"textStyle\": {\n                \"color\": \"#333\"\n            }\n        },\n        \"splitLine\": {\n            \"show\": true,\n            \"lineStyle\": {\n                \"color\": [\n                    \"#ccc\"\n                ]\n            }\n        },\n        \"splitArea\": {\n            \"show\": false,\n            \"areaStyle\": {\n                \"color\": [\n                    \"rgba(250,250,250,0.3)\",\n                    \"rgba(200,200,200,0.3)\"\n                ]\n            }\n        }\n    },\n    \"timeAxis\": {\n        \"axisLine\": {\n            \"show\": true,\n            \"lineStyle\": {\n                \"color\": \"#333\"\n            }\n        },\n        \"axisTick\": {\n            \"show\": true,\n            \"lineStyle\": {\n                \"color\": \"#333\"\n            }\n        },\n        \"axisLabel\": {\n            \"show\": true,\n            \"textStyle\": {\n                \"color\": \"#333\"\n            }\n        },\n        \"splitLine\": {\n            \"show\": true,\n            \"lineStyle\": {\n                \"color\": [\n                    \"#ccc\"\n                ]\n            }\n        },\n        \"splitArea\": {\n            \"show\": false,\n            \"areaStyle\": {\n                \"color\": [\n                    \"rgba(250,250,250,0.3)\",\n                    \"rgba(200,200,200,0.3)\"\n                ]\n            }\n        }\n    },\n    \"toolbox\": {\n        \"iconStyle\": {\n            \"normal\": {\n                \"borderColor\": \"#999999\"\n            },\n            \"emphasis\": {\n                \"borderColor\": \"#666666\"\n            }\n        }\n    },\n    \"legend\": {\n        \"textStyle\": {\n            \"color\": \"#333333\"\n        }\n    },\n    \"tooltip\": {\n        \"axisPointer\": {\n            \"lineStyle\": {\n                \"color\": \"#cccccc\",\n                \"width\": 1\n            },\n            \"crossStyle\": {\n                \"color\": \"#cccccc\",\n                \"width\": 1\n            }\n        }\n    },\n    \"timeline\": {\n        \"lineStyle\": {\n            \"color\": \"#293c55\",\n            \"width\": 1\n        },\n        \"itemStyle\": {\n            \"normal\": {\n                \"color\": \"#293c55\",\n                \"borderWidth\": 1\n            },\n            \"emphasis\": {\n                \"color\": \"#a9334c\"\n            }\n        },\n        \"controlStyle\": {\n            \"normal\": {\n                \"color\": \"#293c55\",\n                \"borderColor\": \"#293c55\",\n                \"borderWidth\": 0.5\n            },\n            \"emphasis\": {\n                \"color\": \"#293c55\",\n                \"borderColor\": \"#293c55\",\n                \"borderWidth\": 0.5\n            }\n        },\n        \"checkpointStyle\": {\n            \"color\": \"#e43c59\",\n            \"borderColor\": \"rgba(194,53,49,0.5)\"\n        },\n        \"label\": {\n            \"normal\": {\n                \"textStyle\": {\n                    \"color\": \"#293c55\"\n                }\n            },\n            \"emphasis\": {\n                \"textStyle\": {\n                    \"color\": \"#293c55\"\n                }\n            }\n        }\n    },\n    \"visualMap\": {\n        \"color\": [\n            \"#bf444c\",\n            \"#d88273\",\n            \"#f6efa6\"\n        ]\n    },\n    \"dataZoom\": {\n        \"backgroundColor\": \"rgba(47,69,84,0)\",\n        \"dataBackgroundColor\": \"rgba(47,69,84,0.3)\",\n        \"fillerColor\": \"rgba(167,183,204,0.4)\",\n        \"handleColor\": \"#a7b7cc\",\n        \"handleSize\": \"100%\",\n        \"textStyle\": {\n            \"color\": \"#333333\"\n        }\n    },\n    \"markPoint\": {\n        \"label\": {\n            \"normal\": {\n                \"textStyle\": {\n                    \"color\": \"#eeeeee\"\n                }\n            },\n            \"emphasis\": {\n                \"textStyle\": {\n                    \"color\": \"#eeeeee\"\n                }\n            }\n        }\n    }\n}\n','','1','2019-09-09 16:08:27'),('6f73e28c32894ec5aa057185162f53fd','infographic','\n{\n    \"color\": [\n        \"#c1232b\",\n        \"#27727b\",\n        \"#fcce10\",\n        \"#e87c25\",\n        \"#b5c334\",\n        \"#fe8463\",\n        \"#9bca63\",\n        \"#fad860\",\n        \"#f3a43b\",\n        \"#60c0dd\",\n        \"#d7504b\",\n        \"#c6e579\",\n        \"#f4e001\",\n        \"#f0805a\",\n        \"#26c0c0\"\n    ],\n    \"backgroundColor\": \"rgba(0,0,0,0)\",\n    \"textStyle\": {},\n    \"title\": {\n        \"textStyle\": {\n            \"color\": \"#27727b\"\n        },\n        \"subtextStyle\": {\n            \"color\": \"#aaaaaa\"\n        }\n    },\n    \"line\": {\n        \"itemStyle\": {\n            \"normal\": {\n                \"borderWidth\": 1\n            }\n        },\n        \"lineStyle\": {\n            \"normal\": {\n                \"width\": \"3\"\n            }\n        },\n        \"symbolSize\": \"5\",\n        \"symbol\": \"emptyCircle\",\n        \"smooth\": false\n    },\n    \"radar\": {\n        \"itemStyle\": {\n            \"normal\": {\n                \"borderWidth\": 1\n            }\n        },\n        \"lineStyle\": {\n            \"normal\": {\n                \"width\": \"3\"\n            }\n        },\n        \"symbolSize\": \"5\",\n        \"symbol\": \"emptyCircle\",\n        \"smooth\": false\n    },\n    \"bar\": {\n        \"itemStyle\": {\n            \"normal\": {\n                \"barBorderWidth\": 0,\n                \"barBorderColor\": \"#ccc\"\n            },\n            \"emphasis\": {\n                \"barBorderWidth\": 0,\n                \"barBorderColor\": \"#ccc\"\n            }\n        }\n    },\n    \"pie\": {\n        \"itemStyle\": {\n            \"normal\": {\n                \"borderWidth\": 0,\n                \"borderColor\": \"#ccc\"\n            },\n            \"emphasis\": {\n                \"borderWidth\": 0,\n                \"borderColor\": \"#ccc\"\n            }\n        }\n    },\n    \"scatter\": {\n        \"itemStyle\": {\n            \"normal\": {\n                \"borderWidth\": 0,\n                \"borderColor\": \"#ccc\"\n            },\n            \"emphasis\": {\n                \"borderWidth\": 0,\n                \"borderColor\": \"#ccc\"\n            }\n        }\n    },\n    \"boxplot\": {\n        \"itemStyle\": {\n            \"normal\": {\n                \"borderWidth\": 0,\n                \"borderColor\": \"#ccc\"\n            },\n            \"emphasis\": {\n                \"borderWidth\": 0,\n                \"borderColor\": \"#ccc\"\n            }\n        }\n    },\n    \"parallel\": {\n        \"itemStyle\": {\n            \"normal\": {\n                \"borderWidth\": 0,\n                \"borderColor\": \"#ccc\"\n            },\n            \"emphasis\": {\n                \"borderWidth\": 0,\n                \"borderColor\": \"#ccc\"\n            }\n        }\n    },\n    \"sankey\": {\n        \"itemStyle\": {\n            \"normal\": {\n                \"borderWidth\": 0,\n                \"borderColor\": \"#ccc\"\n            },\n            \"emphasis\": {\n                \"borderWidth\": 0,\n                \"borderColor\": \"#ccc\"\n            }\n        }\n    },\n    \"funnel\": {\n        \"itemStyle\": {\n            \"normal\": {\n                \"borderWidth\": 0,\n                \"borderColor\": \"#ccc\"\n            },\n            \"emphasis\": {\n                \"borderWidth\": 0,\n                \"borderColor\": \"#ccc\"\n            }\n        }\n    },\n    \"gauge\": {\n        \"itemStyle\": {\n            \"normal\": {\n                \"borderWidth\": 0,\n                \"borderColor\": \"#ccc\"\n            },\n            \"emphasis\": {\n                \"borderWidth\": 0,\n                \"borderColor\": \"#ccc\"\n            }\n        }\n    },\n    \"candlestick\": {\n        \"itemStyle\": {\n            \"normal\": {\n                \"color\": \"#c1232b\",\n                \"color0\": \"#b5c334\",\n                \"borderColor\": \"#c1232b\",\n                \"borderColor0\": \"#b5c334\",\n                \"borderWidth\": 1\n            }\n        }\n    },\n    \"graph\": {\n        \"itemStyle\": {\n            \"normal\": {\n                \"borderWidth\": 0,\n                \"borderColor\": \"#ccc\"\n            }\n        },\n        \"lineStyle\": {\n            \"normal\": {\n                \"width\": 1,\n                \"color\": \"#aaaaaa\"\n            }\n        },\n        \"symbolSize\": \"5\",\n        \"symbol\": \"emptyCircle\",\n        \"smooth\": false,\n        \"color\": [\n            \"#c1232b\",\n            \"#27727b\",\n            \"#fcce10\",\n            \"#e87c25\",\n            \"#b5c334\",\n            \"#fe8463\",\n            \"#9bca63\",\n            \"#fad860\",\n            \"#f3a43b\",\n            \"#60c0dd\",\n            \"#d7504b\",\n            \"#c6e579\",\n            \"#f4e001\",\n            \"#f0805a\",\n            \"#26c0c0\"\n        ],\n        \"label\": {\n            \"normal\": {\n                \"textStyle\": {\n                    \"color\": \"#eeeeee\"\n                }\n            }\n        }\n    },\n    \"map\": {\n        \"itemStyle\": {\n            \"normal\": {\n                \"areaColor\": \"#dddddd\",\n                \"borderColor\": \"#eeeeee\",\n                \"borderWidth\": 0.5\n            },\n            \"emphasis\": {\n                \"areaColor\": \"rgba(254,153,78,1)\",\n                \"borderColor\": \"#444444\",\n                \"borderWidth\": 1\n            }\n        },\n        \"label\": {\n            \"normal\": {\n                \"textStyle\": {\n                    \"color\": \"#c1232b\"\n                }\n            },\n            \"emphasis\": {\n                \"textStyle\": {\n                    \"color\": \"rgb(100,0,0)\"\n                }\n            }\n        }\n    },\n    \"geo\": {\n        \"itemStyle\": {\n            \"normal\": {\n                \"areaColor\": \"#dddddd\",\n                \"borderColor\": \"#eeeeee\",\n                \"borderWidth\": 0.5\n            },\n            \"emphasis\": {\n                \"areaColor\": \"rgba(254,153,78,1)\",\n                \"borderColor\": \"#444444\",\n                \"borderWidth\": 1\n            }\n        },\n        \"label\": {\n            \"normal\": {\n                \"textStyle\": {\n                    \"color\": \"#c1232b\"\n                }\n            },\n            \"emphasis\": {\n                \"textStyle\": {\n                    \"color\": \"rgb(100,0,0)\"\n                }\n            }\n        }\n    },\n    \"categoryAxis\": {\n        \"axisLine\": {\n            \"show\": true,\n            \"lineStyle\": {\n                \"color\": \"#27727b\"\n            }\n        },\n        \"axisTick\": {\n            \"show\": true,\n            \"lineStyle\": {\n                \"color\": \"#27727b\"\n            }\n        },\n        \"axisLabel\": {\n            \"show\": true,\n            \"textStyle\": {\n                \"color\": \"#333\"\n            }\n        },\n        \"splitLine\": {\n            \"show\": false,\n            \"lineStyle\": {\n                \"color\": [\n                    \"#ccc\"\n                ]\n            }\n        },\n        \"splitArea\": {\n            \"show\": false,\n            \"areaStyle\": {\n                \"color\": [\n                    \"rgba(250,250,250,0.3)\",\n                    \"rgba(200,200,200,0.3)\"\n                ]\n            }\n        }\n    },\n    \"valueAxis\": {\n        \"axisLine\": {\n            \"show\": false,\n            \"lineStyle\": {\n                \"color\": \"#333\"\n            }\n        },\n        \"axisTick\": {\n            \"show\": false,\n            \"lineStyle\": {\n                \"color\": \"#333\"\n            }\n        },\n        \"axisLabel\": {\n            \"show\": true,\n            \"textStyle\": {\n                \"color\": \"#333\"\n            }\n        },\n        \"splitLine\": {\n            \"show\": true,\n            \"lineStyle\": {\n                \"color\": [\n                    \"#ccc\"\n                ]\n            }\n        },\n        \"splitArea\": {\n            \"show\": false,\n            \"areaStyle\": {\n                \"color\": [\n                    \"rgba(250,250,250,0.3)\",\n                    \"rgba(200,200,200,0.3)\"\n                ]\n            }\n        }\n    },\n    \"logAxis\": {\n        \"axisLine\": {\n            \"show\": true,\n            \"lineStyle\": {\n                \"color\": \"#27727b\"\n            }\n        },\n        \"axisTick\": {\n            \"show\": true,\n            \"lineStyle\": {\n                \"color\": \"#333\"\n            }\n        },\n        \"axisLabel\": {\n            \"show\": true,\n            \"textStyle\": {\n                \"color\": \"#333\"\n            }\n        },\n        \"splitLine\": {\n            \"show\": true,\n            \"lineStyle\": {\n                \"color\": [\n                    \"#ccc\"\n                ]\n            }\n        },\n        \"splitArea\": {\n            \"show\": false,\n            \"areaStyle\": {\n                \"color\": [\n                    \"rgba(250,250,250,0.3)\",\n                    \"rgba(200,200,200,0.3)\"\n                ]\n            }\n        }\n    },\n    \"timeAxis\": {\n        \"axisLine\": {\n            \"show\": true,\n            \"lineStyle\": {\n                \"color\": \"#27727b\"\n            }\n        },\n        \"axisTick\": {\n            \"show\": true,\n            \"lineStyle\": {\n                \"color\": \"#333\"\n            }\n        },\n        \"axisLabel\": {\n            \"show\": true,\n            \"textStyle\": {\n                \"color\": \"#333\"\n            }\n        },\n        \"splitLine\": {\n            \"show\": true,\n            \"lineStyle\": {\n                \"color\": [\n                    \"#ccc\"\n                ]\n            }\n        },\n        \"splitArea\": {\n            \"show\": false,\n            \"areaStyle\": {\n                \"color\": [\n                    \"rgba(250,250,250,0.3)\",\n                    \"rgba(200,200,200,0.3)\"\n                ]\n            }\n        }\n    },\n    \"toolbox\": {\n        \"iconStyle\": {\n            \"normal\": {\n                \"borderColor\": \"#c1232b\"\n            },\n            \"emphasis\": {\n                \"borderColor\": \"#e87c25\"\n            }\n        }\n    },\n    \"legend\": {\n        \"textStyle\": {\n            \"color\": \"#333333\"\n        }\n    },\n    \"tooltip\": {\n        \"axisPointer\": {\n            \"lineStyle\": {\n                \"color\": \"#27727b\",\n                \"width\": 1\n            },\n            \"crossStyle\": {\n                \"color\": \"#27727b\",\n                \"width\": 1\n            }\n        }\n    },\n    \"timeline\": {\n        \"lineStyle\": {\n            \"color\": \"#293c55\",\n            \"width\": 1\n        },\n        \"itemStyle\": {\n            \"normal\": {\n                \"color\": \"#27727b\",\n                \"borderWidth\": 1\n            },\n            \"emphasis\": {\n                \"color\": \"#72d4e0\"\n            }\n        },\n        \"controlStyle\": {\n            \"normal\": {\n                \"color\": \"#27727b\",\n                \"borderColor\": \"#27727b\",\n                \"borderWidth\": 0.5\n            },\n            \"emphasis\": {\n                \"color\": \"#27727b\",\n                \"borderColor\": \"#27727b\",\n                \"borderWidth\": 0.5\n            }\n        },\n        \"checkpointStyle\": {\n            \"color\": \"#c1232b\",\n            \"borderColor\": \"rgba(194,53,49,0.5)\"\n        },\n        \"label\": {\n            \"normal\": {\n                \"textStyle\": {\n                    \"color\": \"#293c55\"\n                }\n            },\n            \"emphasis\": {\n                \"textStyle\": {\n                    \"color\": \"#293c55\"\n                }\n            }\n        }\n    },\n    \"visualMap\": {\n        \"color\": [\n            \"#c1232b\",\n            \"#fcce10\"\n        ]\n    },\n    \"dataZoom\": {\n        \"backgroundColor\": \"rgba(0,0,0,0)\",\n        \"dataBackgroundColor\": \"rgba(181,195,52,0.3)\",\n        \"fillerColor\": \"rgba(181,195,52,0.2)\",\n        \"handleColor\": \"#27727b\",\n        \"handleSize\": \"100%\",\n        \"textStyle\": {\n            \"color\": \"#999999\"\n        }\n    },\n    \"markPoint\": {\n        \"label\": {\n            \"normal\": {\n                \"textStyle\": {\n                    \"color\": \"#eeeeee\"\n                }\n            },\n            \"emphasis\": {\n                \"textStyle\": {\n                    \"color\": \"#eeeeee\"\n                }\n            }\n        }\n    }\n}\n','','1','2019-09-10 16:04:02'),('da392d6c75674dc388d31a61e4595a75','dark','\n{\n    \"color\": [\n        \"#dd6b66\",\n        \"#759aa0\",\n        \"#e69d87\",\n        \"#8dc1a9\",\n        \"#ea7e53\",\n        \"#eedd78\",\n        \"#73a373\",\n        \"#73b9bc\",\n        \"#7289ab\",\n        \"#91ca8c\",\n        \"#f49f42\"\n    ],\n    \"backgroundColor\": \"\",\n    \"textStyle\": {},\n    \"title\": {\n        \"textStyle\": {\n            \"color\": \"#eeeeee\"\n        },\n        \"subtextStyle\": {\n            \"color\": \"#aaaaaa\"\n        }\n    },\n    \"line\": {\n        \"itemStyle\": {\n            \"normal\": {\n                \"borderWidth\": 1\n            }\n        },\n        \"lineStyle\": {\n            \"normal\": {\n                \"width\": 2\n            }\n        },\n        \"symbolSize\": 4,\n        \"symbol\": \"circle\",\n        \"smooth\": false\n    },\n    \"radar\": {\n        \"itemStyle\": {\n            \"normal\": {\n                \"borderWidth\": 1\n            }\n        },\n        \"lineStyle\": {\n            \"normal\": {\n                \"width\": 2\n            }\n        },\n        \"symbolSize\": 4,\n        \"symbol\": \"circle\",\n        \"smooth\": false\n    },\n    \"bar\": {\n        \"itemStyle\": {\n            \"normal\": {\n                \"barBorderWidth\": 0,\n                \"barBorderColor\": \"#ccc\"\n            },\n            \"emphasis\": {\n                \"barBorderWidth\": 0,\n                \"barBorderColor\": \"#ccc\"\n            }\n        }\n    },\n    \"pie\": {\n        \"itemStyle\": {\n            \"normal\": {\n                \"borderWidth\": 0,\n                \"borderColor\": \"#ccc\"\n            },\n            \"emphasis\": {\n                \"borderWidth\": 0,\n                \"borderColor\": \"#ccc\"\n            }\n        }\n    },\n    \"scatter\": {\n        \"itemStyle\": {\n            \"normal\": {\n                \"borderWidth\": 0,\n                \"borderColor\": \"#ccc\"\n            },\n            \"emphasis\": {\n                \"borderWidth\": 0,\n                \"borderColor\": \"#ccc\"\n            }\n        }\n    },\n    \"boxplot\": {\n        \"itemStyle\": {\n            \"normal\": {\n                \"borderWidth\": 0,\n                \"borderColor\": \"#ccc\"\n            },\n            \"emphasis\": {\n                \"borderWidth\": 0,\n                \"borderColor\": \"#ccc\"\n            }\n        }\n    },\n    \"parallel\": {\n        \"itemStyle\": {\n            \"normal\": {\n                \"borderWidth\": 0,\n                \"borderColor\": \"#ccc\"\n            },\n            \"emphasis\": {\n                \"borderWidth\": 0,\n                \"borderColor\": \"#ccc\"\n            }\n        }\n    },\n    \"sankey\": {\n        \"itemStyle\": {\n            \"normal\": {\n                \"borderWidth\": 0,\n                \"borderColor\": \"#ccc\"\n            },\n            \"emphasis\": {\n                \"borderWidth\": 0,\n                \"borderColor\": \"#ccc\"\n            }\n        }\n    },\n    \"funnel\": {\n        \"itemStyle\": {\n            \"normal\": {\n                \"borderWidth\": 0,\n                \"borderColor\": \"#ccc\"\n            },\n            \"emphasis\": {\n                \"borderWidth\": 0,\n                \"borderColor\": \"#ccc\"\n            }\n        }\n    },\n    \"gauge\": {\n        \"itemStyle\": {\n            \"normal\": {\n                \"borderWidth\": 0,\n                \"borderColor\": \"#ccc\"\n            },\n            \"emphasis\": {\n                \"borderWidth\": 0,\n                \"borderColor\": \"#ccc\"\n            }\n        }\n    },\n    \"candlestick\": {\n        \"itemStyle\": {\n            \"normal\": {\n                \"color\": \"#fd1050\",\n                \"color0\": \"#0cf49b\",\n                \"borderColor\": \"#fd1050\",\n                \"borderColor0\": \"#0cf49b\",\n                \"borderWidth\": 1\n            }\n        }\n    },\n    \"graph\": {\n        \"itemStyle\": {\n            \"normal\": {\n                \"borderWidth\": 0,\n                \"borderColor\": \"#ccc\"\n            }\n        },\n        \"lineStyle\": {\n            \"normal\": {\n                \"width\": 1,\n                \"color\": \"#aaaaaa\"\n            }\n        },\n        \"symbolSize\": 4,\n        \"symbol\": \"circle\",\n        \"smooth\": false,\n        \"color\": [\n            \"#dd6b66\",\n            \"#759aa0\",\n            \"#e69d87\",\n            \"#8dc1a9\",\n            \"#ea7e53\",\n            \"#eedd78\",\n            \"#73a373\",\n            \"#73b9bc\",\n            \"#7289ab\",\n            \"#91ca8c\",\n            \"#f49f42\"\n        ],\n        \"label\": {\n            \"normal\": {\n                \"textStyle\": {\n                    \"color\": \"#eeeeee\"\n                }\n            }\n        }\n    },\n    \"map\": {\n        \"itemStyle\": {\n            \"normal\": {\n                \"areaColor\": \"#eeeeee\",\n                \"borderColor\": \"#444444\",\n                \"borderWidth\": 0.5\n            },\n            \"emphasis\": {\n                \"areaColor\": \"rgba(255,215,0,0.8)\",\n                \"borderColor\": \"#444444\",\n                \"borderWidth\": 1\n            }\n        },\n        \"label\": {\n            \"normal\": {\n                \"textStyle\": {\n                    \"color\": \"#000000\"\n                }\n            },\n            \"emphasis\": {\n                \"textStyle\": {\n                    \"color\": \"rgb(100,0,0)\"\n                }\n            }\n        }\n    },\n    \"geo\": {\n        \"itemStyle\": {\n            \"normal\": {\n                \"areaColor\": \"#eeeeee\",\n                \"borderColor\": \"#444444\",\n                \"borderWidth\": 0.5\n            },\n            \"emphasis\": {\n                \"areaColor\": \"rgba(255,215,0,0.8)\",\n                \"borderColor\": \"#444444\",\n                \"borderWidth\": 1\n            }\n        },\n        \"label\": {\n            \"normal\": {\n                \"textStyle\": {\n                    \"color\": \"#000000\"\n                }\n            },\n            \"emphasis\": {\n                \"textStyle\": {\n                    \"color\": \"rgb(100,0,0)\"\n                }\n            }\n        }\n    },\n    \"categoryAxis\": {\n        \"axisLine\": {\n            \"show\": true,\n            \"lineStyle\": {\n                \"color\": \"#eeeeee\"\n            }\n        },\n        \"axisTick\": {\n            \"show\": true,\n            \"lineStyle\": {\n                \"color\": \"#eeeeee\"\n            }\n        },\n        \"axisLabel\": {\n            \"show\": true,\n            \"textStyle\": {\n                \"color\": \"#eeeeee\"\n            }\n        },\n        \"splitLine\": {\n            \"show\": true,\n            \"lineStyle\": {\n                \"color\": [\n                    \"#aaaaaa\"\n                ]\n            }\n        },\n        \"splitArea\": {\n            \"show\": false,\n            \"areaStyle\": {\n                \"color\": [\n                    \"#eeeeee\"\n                ]\n            }\n        }\n    },\n    \"valueAxis\": {\n        \"axisLine\": {\n            \"show\": true,\n            \"lineStyle\": {\n                \"color\": \"#eeeeee\"\n            }\n        },\n        \"axisTick\": {\n            \"show\": true,\n            \"lineStyle\": {\n                \"color\": \"#eeeeee\"\n            }\n        },\n        \"axisLabel\": {\n            \"show\": true,\n            \"textStyle\": {\n                \"color\": \"#eeeeee\"\n            }\n        },\n        \"splitLine\": {\n            \"show\": true,\n            \"lineStyle\": {\n                \"color\": [\n                    \"#aaaaaa\"\n                ]\n            }\n        },\n        \"splitArea\": {\n            \"show\": false,\n            \"areaStyle\": {\n                \"color\": [\n                    \"#eeeeee\"\n                ]\n            }\n        }\n    },\n    \"logAxis\": {\n        \"axisLine\": {\n            \"show\": true,\n            \"lineStyle\": {\n                \"color\": \"#eeeeee\"\n            }\n        },\n        \"axisTick\": {\n            \"show\": true,\n            \"lineStyle\": {\n                \"color\": \"#eeeeee\"\n            }\n        },\n        \"axisLabel\": {\n            \"show\": true,\n            \"textStyle\": {\n                \"color\": \"#eeeeee\"\n            }\n        },\n        \"splitLine\": {\n            \"show\": true,\n            \"lineStyle\": {\n                \"color\": [\n                    \"#aaaaaa\"\n                ]\n            }\n        },\n        \"splitArea\": {\n            \"show\": false,\n            \"areaStyle\": {\n                \"color\": [\n                    \"#eeeeee\"\n                ]\n            }\n        }\n    },\n    \"timeAxis\": {\n        \"axisLine\": {\n            \"show\": true,\n            \"lineStyle\": {\n                \"color\": \"#eeeeee\"\n            }\n        },\n        \"axisTick\": {\n            \"show\": true,\n            \"lineStyle\": {\n                \"color\": \"#eeeeee\"\n            }\n        },\n        \"axisLabel\": {\n            \"show\": true,\n            \"textStyle\": {\n                \"color\": \"#eeeeee\"\n            }\n        },\n        \"splitLine\": {\n            \"show\": true,\n            \"lineStyle\": {\n                \"color\": [\n                    \"#aaaaaa\"\n                ]\n            }\n        },\n        \"splitArea\": {\n            \"show\": false,\n            \"areaStyle\": {\n                \"color\": [\n                    \"#eeeeee\"\n                ]\n            }\n        }\n    },\n    \"toolbox\": {\n        \"iconStyle\": {\n            \"normal\": {\n                \"borderColor\": \"#999999\"\n            },\n            \"emphasis\": {\n                \"borderColor\": \"#666666\"\n            }\n        }\n    },\n    \"legend\": {\n        \"textStyle\": {\n            \"color\": \"#eeeeee\"\n        }\n    },\n    \"tooltip\": {\n        \"axisPointer\": {\n            \"lineStyle\": {\n                \"color\": \"#eeeeee\",\n                \"width\": \"1\"\n            },\n            \"crossStyle\": {\n                \"color\": \"#eeeeee\",\n                \"width\": \"1\"\n            }\n        }\n    },\n    \"timeline\": {\n        \"lineStyle\": {\n            \"color\": \"#eeeeee\",\n            \"width\": 1\n        },\n        \"itemStyle\": {\n            \"normal\": {\n                \"color\": \"#dd6b66\",\n                \"borderWidth\": 1\n            },\n            \"emphasis\": {\n                \"color\": \"#a9334c\"\n            }\n        },\n        \"controlStyle\": {\n            \"normal\": {\n                \"color\": \"#eeeeee\",\n                \"borderColor\": \"#eeeeee\",\n                \"borderWidth\": 0.5\n            },\n            \"emphasis\": {\n                \"color\": \"#eeeeee\",\n                \"borderColor\": \"#eeeeee\",\n                \"borderWidth\": 0.5\n            }\n        },\n        \"checkpointStyle\": {\n            \"color\": \"#e43c59\",\n            \"borderColor\": \"rgba(194,53,49,0.5)\"\n        },\n        \"label\": {\n            \"normal\": {\n                \"textStyle\": {\n                    \"color\": \"#eeeeee\"\n                }\n            },\n            \"emphasis\": {\n                \"textStyle\": {\n                    \"color\": \"#eeeeee\"\n                }\n            }\n        }\n    },\n    \"visualMap\": {\n        \"color\": [\n            \"#bf444c\",\n            \"#d88273\",\n            \"#f6efa6\"\n        ]\n    },\n    \"dataZoom\": {\n        \"backgroundColor\": \"rgba(47,69,84,0)\",\n        \"dataBackgroundColor\": \"rgba(255,255,255,0.3)\",\n        \"fillerColor\": \"rgba(167,183,204,0.4)\",\n        \"handleColor\": \"#a7b7cc\",\n        \"handleSize\": \"100%\",\n        \"textStyle\": {\n            \"color\": \"#eeeeee\"\n        }\n    },\n    \"markPoint\": {\n        \"label\": {\n            \"normal\": {\n                \"textStyle\": {\n                    \"color\": \"#eeeeee\"\n                }\n            },\n            \"emphasis\": {\n                \"textStyle\": {\n                    \"color\": \"#eeeeee\"\n                }\n            }\n        }\n    }\n}','','1','2019-09-08 18:01:00'),('f39883c80a3a417a976d7fd670fcc426','halloween','\n{\n    \"color\": [\n        \"#ff715e\",\n        \"#ffaf51\",\n        \"#ffee51\",\n        \"#8c6ac4\",\n        \"#715c87\"\n    ],\n    \"backgroundColor\": \"rgba(64,64,64,0.5)\",\n    \"textStyle\": {},\n    \"title\": {\n        \"textStyle\": {\n            \"color\": \"#ffaf51\"\n        },\n        \"subtextStyle\": {\n            \"color\": \"#eeeeee\"\n        }\n    },\n    \"line\": {\n        \"itemStyle\": {\n            \"normal\": {\n                \"borderWidth\": \"2\"\n            }\n        },\n        \"lineStyle\": {\n            \"normal\": {\n                \"width\": \"3\"\n            }\n        },\n        \"symbolSize\": \"8\",\n        \"symbol\": \"path://M237.062,81.761L237.062,81.761c-12.144-14.24-25.701-20.1-40.68-19.072 c-10.843,0.747-20.938,5.154-30.257,13.127c-9.51-5.843-19.8-9.227-30.859-10.366c0.521-3.197,1.46-6.306,2.85-9.363 c3.458-7.038,8.907-12.741,16.331-17.296c-5.609-3.384-11.227-6.799-16.854-10.279c-16.257,8.104-25.06,20.601-26.463,38.417 c-7.599,1.705-14.685,4.486-21.247,8.437c-9.164-7.677-18.996-11.917-29.496-12.632c-14.819-0.998-28.467,4.787-40.938,18.827 C6.445,96.182,0,114.867,0,136.242c-0.007,6.371,0.674,12.646,2.053,18.738c4.593,22.785,15.398,41.367,32.558,55.344 c15.43,12.773,29.901,18.023,43.362,16.981c7.074-0.561,13.624-3.977,19.685-10.192c10.534,5.49,20.391,8.217,29.561,8.203 c9.856-0.012,20.236-2.953,31.125-8.898c6.227,6.692,12.966,10.346,20.211,10.933c13.795,1.073,28.614-4.111,44.377-16.84 c17.49-14.104,28.043-32.79,31.796-55.485c0.836-5.624,1.272-11.292,1.272-16.966C255.998,115.814,249.707,96.601,237.062,81.761z  M54.795,97.7l40.661,14.496c-4.402,8.811-10.766,13.219-19.06,13.219c-2.542,0-4.917-0.419-7.122-1.274 C58.103,118.38,53.263,109.572,54.795,97.7z M150.613,185.396l-9.156-8.389l-7.619,12.951c-3.391,0.341-6.615,0.514-9.665,0.514 c-4.401,0-8.635-0.263-12.708-0.777l-8.634-14.973l-9.151,9.909c-4.91-2.717-9.15-5.856-12.708-9.413 c-8.81-8.295-13.384-17.959-13.727-28.97c2.877,1.692,7.427,3.461,13.675,5.308l10.636,13.629l9.44-9.852 c4.734,0.702,9.234,1.12,13.466,1.275l10.689,11.498l9.671-11.949c3.559-0.173,7.285-0.515,11.182-1.01l9.924,10.159l10.933-14.227 c5.931-1.351,11.196-2.798,15.771-4.323C179.747,163.538,169.068,176.414,150.613,185.396z M175.258,124.907 c-2.209,0.849-4.66,1.273-7.369,1.273c-8.134,0-14.489-4.415-19.052-13.224l40.905-14.477 C191.105,110.331,186.273,119.141,175.258,124.907z\",\n        \"smooth\": false\n    },\n    \"radar\": {\n        \"itemStyle\": {\n            \"normal\": {\n                \"borderWidth\": \"2\"\n            }\n        },\n        \"lineStyle\": {\n            \"normal\": {\n                \"width\": \"3\"\n            }\n        },\n        \"symbolSize\": \"8\",\n        \"symbol\": \"path://M237.062,81.761L237.062,81.761c-12.144-14.24-25.701-20.1-40.68-19.072 c-10.843,0.747-20.938,5.154-30.257,13.127c-9.51-5.843-19.8-9.227-30.859-10.366c0.521-3.197,1.46-6.306,2.85-9.363 c3.458-7.038,8.907-12.741,16.331-17.296c-5.609-3.384-11.227-6.799-16.854-10.279c-16.257,8.104-25.06,20.601-26.463,38.417 c-7.599,1.705-14.685,4.486-21.247,8.437c-9.164-7.677-18.996-11.917-29.496-12.632c-14.819-0.998-28.467,4.787-40.938,18.827 C6.445,96.182,0,114.867,0,136.242c-0.007,6.371,0.674,12.646,2.053,18.738c4.593,22.785,15.398,41.367,32.558,55.344 c15.43,12.773,29.901,18.023,43.362,16.981c7.074-0.561,13.624-3.977,19.685-10.192c10.534,5.49,20.391,8.217,29.561,8.203 c9.856-0.012,20.236-2.953,31.125-8.898c6.227,6.692,12.966,10.346,20.211,10.933c13.795,1.073,28.614-4.111,44.377-16.84 c17.49-14.104,28.043-32.79,31.796-55.485c0.836-5.624,1.272-11.292,1.272-16.966C255.998,115.814,249.707,96.601,237.062,81.761z  M54.795,97.7l40.661,14.496c-4.402,8.811-10.766,13.219-19.06,13.219c-2.542,0-4.917-0.419-7.122-1.274 C58.103,118.38,53.263,109.572,54.795,97.7z M150.613,185.396l-9.156-8.389l-7.619,12.951c-3.391,0.341-6.615,0.514-9.665,0.514 c-4.401,0-8.635-0.263-12.708-0.777l-8.634-14.973l-9.151,9.909c-4.91-2.717-9.15-5.856-12.708-9.413 c-8.81-8.295-13.384-17.959-13.727-28.97c2.877,1.692,7.427,3.461,13.675,5.308l10.636,13.629l9.44-9.852 c4.734,0.702,9.234,1.12,13.466,1.275l10.689,11.498l9.671-11.949c3.559-0.173,7.285-0.515,11.182-1.01l9.924,10.159l10.933-14.227 c5.931-1.351,11.196-2.798,15.771-4.323C179.747,163.538,169.068,176.414,150.613,185.396z M175.258,124.907 c-2.209,0.849-4.66,1.273-7.369,1.273c-8.134,0-14.489-4.415-19.052-13.224l40.905-14.477 C191.105,110.331,186.273,119.141,175.258,124.907z\",\n        \"smooth\": false\n    },\n    \"bar\": {\n        \"itemStyle\": {\n            \"normal\": {\n                \"barBorderWidth\": \"0\",\n                \"barBorderColor\": \"#ccc\"\n            },\n            \"emphasis\": {\n                \"barBorderWidth\": \"0\",\n                \"barBorderColor\": \"#ccc\"\n            }\n        }\n    },\n    \"pie\": {\n        \"itemStyle\": {\n            \"normal\": {\n                \"borderWidth\": \"0\",\n                \"borderColor\": \"#ccc\"\n            },\n            \"emphasis\": {\n                \"borderWidth\": \"0\",\n                \"borderColor\": \"#ccc\"\n            }\n        },\n        \"symbol\": \"path://M237.062,81.761L237.062,81.761c-12.144-14.24-25.701-20.1-40.68-19.072 c-10.843,0.747-20.938,5.154-30.257,13.127c-9.51-5.843-19.8-9.227-30.859-10.366c0.521-3.197,1.46-6.306,2.85-9.363 c3.458-7.038,8.907-12.741,16.331-17.296c-5.609-3.384-11.227-6.799-16.854-10.279c-16.257,8.104-25.06,20.601-26.463,38.417 c-7.599,1.705-14.685,4.486-21.247,8.437c-9.164-7.677-18.996-11.917-29.496-12.632c-14.819-0.998-28.467,4.787-40.938,18.827 C6.445,96.182,0,114.867,0,136.242c-0.007,6.371,0.674,12.646,2.053,18.738c4.593,22.785,15.398,41.367,32.558,55.344 c15.43,12.773,29.901,18.023,43.362,16.981c7.074-0.561,13.624-3.977,19.685-10.192c10.534,5.49,20.391,8.217,29.561,8.203 c9.856-0.012,20.236-2.953,31.125-8.898c6.227,6.692,12.966,10.346,20.211,10.933c13.795,1.073,28.614-4.111,44.377-16.84 c17.49-14.104,28.043-32.79,31.796-55.485c0.836-5.624,1.272-11.292,1.272-16.966C255.998,115.814,249.707,96.601,237.062,81.761z  M54.795,97.7l40.661,14.496c-4.402,8.811-10.766,13.219-19.06,13.219c-2.542,0-4.917-0.419-7.122-1.274 C58.103,118.38,53.263,109.572,54.795,97.7z M150.613,185.396l-9.156-8.389l-7.619,12.951c-3.391,0.341-6.615,0.514-9.665,0.514 c-4.401,0-8.635-0.263-12.708-0.777l-8.634-14.973l-9.151,9.909c-4.91-2.717-9.15-5.856-12.708-9.413 c-8.81-8.295-13.384-17.959-13.727-28.97c2.877,1.692,7.427,3.461,13.675,5.308l10.636,13.629l9.44-9.852 c4.734,0.702,9.234,1.12,13.466,1.275l10.689,11.498l9.671-11.949c3.559-0.173,7.285-0.515,11.182-1.01l9.924,10.159l10.933-14.227 c5.931-1.351,11.196-2.798,15.771-4.323C179.747,163.538,169.068,176.414,150.613,185.396z M175.258,124.907 c-2.209,0.849-4.66,1.273-7.369,1.273c-8.134,0-14.489-4.415-19.052-13.224l40.905-14.477 C191.105,110.331,186.273,119.141,175.258,124.907z\"\n    },\n    \"scatter\": {\n        \"itemStyle\": {\n            \"normal\": {\n                \"borderWidth\": \"0\",\n                \"borderColor\": \"#ccc\"\n            },\n            \"emphasis\": {\n                \"borderWidth\": \"0\",\n                \"borderColor\": \"#ccc\"\n            }\n        },\n        \"symbol\": \"path://M237.062,81.761L237.062,81.761c-12.144-14.24-25.701-20.1-40.68-19.072 c-10.843,0.747-20.938,5.154-30.257,13.127c-9.51-5.843-19.8-9.227-30.859-10.366c0.521-3.197,1.46-6.306,2.85-9.363 c3.458-7.038,8.907-12.741,16.331-17.296c-5.609-3.384-11.227-6.799-16.854-10.279c-16.257,8.104-25.06,20.601-26.463,38.417 c-7.599,1.705-14.685,4.486-21.247,8.437c-9.164-7.677-18.996-11.917-29.496-12.632c-14.819-0.998-28.467,4.787-40.938,18.827 C6.445,96.182,0,114.867,0,136.242c-0.007,6.371,0.674,12.646,2.053,18.738c4.593,22.785,15.398,41.367,32.558,55.344 c15.43,12.773,29.901,18.023,43.362,16.981c7.074-0.561,13.624-3.977,19.685-10.192c10.534,5.49,20.391,8.217,29.561,8.203 c9.856-0.012,20.236-2.953,31.125-8.898c6.227,6.692,12.966,10.346,20.211,10.933c13.795,1.073,28.614-4.111,44.377-16.84 c17.49-14.104,28.043-32.79,31.796-55.485c0.836-5.624,1.272-11.292,1.272-16.966C255.998,115.814,249.707,96.601,237.062,81.761z  M54.795,97.7l40.661,14.496c-4.402,8.811-10.766,13.219-19.06,13.219c-2.542,0-4.917-0.419-7.122-1.274 C58.103,118.38,53.263,109.572,54.795,97.7z M150.613,185.396l-9.156-8.389l-7.619,12.951c-3.391,0.341-6.615,0.514-9.665,0.514 c-4.401,0-8.635-0.263-12.708-0.777l-8.634-14.973l-9.151,9.909c-4.91-2.717-9.15-5.856-12.708-9.413 c-8.81-8.295-13.384-17.959-13.727-28.97c2.877,1.692,7.427,3.461,13.675,5.308l10.636,13.629l9.44-9.852 c4.734,0.702,9.234,1.12,13.466,1.275l10.689,11.498l9.671-11.949c3.559-0.173,7.285-0.515,11.182-1.01l9.924,10.159l10.933-14.227 c5.931-1.351,11.196-2.798,15.771-4.323C179.747,163.538,169.068,176.414,150.613,185.396z M175.258,124.907 c-2.209,0.849-4.66,1.273-7.369,1.273c-8.134,0-14.489-4.415-19.052-13.224l40.905-14.477 C191.105,110.331,186.273,119.141,175.258,124.907z\"\n    },\n    \"boxplot\": {\n        \"itemStyle\": {\n            \"normal\": {\n                \"borderWidth\": \"0\",\n                \"borderColor\": \"#ccc\"\n            },\n            \"emphasis\": {\n                \"borderWidth\": \"0\",\n                \"borderColor\": \"#ccc\"\n            }\n        },\n        \"symbol\": \"path://M237.062,81.761L237.062,81.761c-12.144-14.24-25.701-20.1-40.68-19.072 c-10.843,0.747-20.938,5.154-30.257,13.127c-9.51-5.843-19.8-9.227-30.859-10.366c0.521-3.197,1.46-6.306,2.85-9.363 c3.458-7.038,8.907-12.741,16.331-17.296c-5.609-3.384-11.227-6.799-16.854-10.279c-16.257,8.104-25.06,20.601-26.463,38.417 c-7.599,1.705-14.685,4.486-21.247,8.437c-9.164-7.677-18.996-11.917-29.496-12.632c-14.819-0.998-28.467,4.787-40.938,18.827 C6.445,96.182,0,114.867,0,136.242c-0.007,6.371,0.674,12.646,2.053,18.738c4.593,22.785,15.398,41.367,32.558,55.344 c15.43,12.773,29.901,18.023,43.362,16.981c7.074-0.561,13.624-3.977,19.685-10.192c10.534,5.49,20.391,8.217,29.561,8.203 c9.856-0.012,20.236-2.953,31.125-8.898c6.227,6.692,12.966,10.346,20.211,10.933c13.795,1.073,28.614-4.111,44.377-16.84 c17.49-14.104,28.043-32.79,31.796-55.485c0.836-5.624,1.272-11.292,1.272-16.966C255.998,115.814,249.707,96.601,237.062,81.761z  M54.795,97.7l40.661,14.496c-4.402,8.811-10.766,13.219-19.06,13.219c-2.542,0-4.917-0.419-7.122-1.274 C58.103,118.38,53.263,109.572,54.795,97.7z M150.613,185.396l-9.156-8.389l-7.619,12.951c-3.391,0.341-6.615,0.514-9.665,0.514 c-4.401,0-8.635-0.263-12.708-0.777l-8.634-14.973l-9.151,9.909c-4.91-2.717-9.15-5.856-12.708-9.413 c-8.81-8.295-13.384-17.959-13.727-28.97c2.877,1.692,7.427,3.461,13.675,5.308l10.636,13.629l9.44-9.852 c4.734,0.702,9.234,1.12,13.466,1.275l10.689,11.498l9.671-11.949c3.559-0.173,7.285-0.515,11.182-1.01l9.924,10.159l10.933-14.227 c5.931-1.351,11.196-2.798,15.771-4.323C179.747,163.538,169.068,176.414,150.613,185.396z M175.258,124.907 c-2.209,0.849-4.66,1.273-7.369,1.273c-8.134,0-14.489-4.415-19.052-13.224l40.905-14.477 C191.105,110.331,186.273,119.141,175.258,124.907z\"\n    },\n    \"parallel\": {\n        \"itemStyle\": {\n            \"normal\": {\n                \"borderWidth\": \"0\",\n                \"borderColor\": \"#ccc\"\n            },\n            \"emphasis\": {\n                \"borderWidth\": \"0\",\n                \"borderColor\": \"#ccc\"\n            }\n        },\n        \"symbol\": \"path://M237.062,81.761L237.062,81.761c-12.144-14.24-25.701-20.1-40.68-19.072 c-10.843,0.747-20.938,5.154-30.257,13.127c-9.51-5.843-19.8-9.227-30.859-10.366c0.521-3.197,1.46-6.306,2.85-9.363 c3.458-7.038,8.907-12.741,16.331-17.296c-5.609-3.384-11.227-6.799-16.854-10.279c-16.257,8.104-25.06,20.601-26.463,38.417 c-7.599,1.705-14.685,4.486-21.247,8.437c-9.164-7.677-18.996-11.917-29.496-12.632c-14.819-0.998-28.467,4.787-40.938,18.827 C6.445,96.182,0,114.867,0,136.242c-0.007,6.371,0.674,12.646,2.053,18.738c4.593,22.785,15.398,41.367,32.558,55.344 c15.43,12.773,29.901,18.023,43.362,16.981c7.074-0.561,13.624-3.977,19.685-10.192c10.534,5.49,20.391,8.217,29.561,8.203 c9.856-0.012,20.236-2.953,31.125-8.898c6.227,6.692,12.966,10.346,20.211,10.933c13.795,1.073,28.614-4.111,44.377-16.84 c17.49-14.104,28.043-32.79,31.796-55.485c0.836-5.624,1.272-11.292,1.272-16.966C255.998,115.814,249.707,96.601,237.062,81.761z  M54.795,97.7l40.661,14.496c-4.402,8.811-10.766,13.219-19.06,13.219c-2.542,0-4.917-0.419-7.122-1.274 C58.103,118.38,53.263,109.572,54.795,97.7z M150.613,185.396l-9.156-8.389l-7.619,12.951c-3.391,0.341-6.615,0.514-9.665,0.514 c-4.401,0-8.635-0.263-12.708-0.777l-8.634-14.973l-9.151,9.909c-4.91-2.717-9.15-5.856-12.708-9.413 c-8.81-8.295-13.384-17.959-13.727-28.97c2.877,1.692,7.427,3.461,13.675,5.308l10.636,13.629l9.44-9.852 c4.734,0.702,9.234,1.12,13.466,1.275l10.689,11.498l9.671-11.949c3.559-0.173,7.285-0.515,11.182-1.01l9.924,10.159l10.933-14.227 c5.931-1.351,11.196-2.798,15.771-4.323C179.747,163.538,169.068,176.414,150.613,185.396z M175.258,124.907 c-2.209,0.849-4.66,1.273-7.369,1.273c-8.134,0-14.489-4.415-19.052-13.224l40.905-14.477 C191.105,110.331,186.273,119.141,175.258,124.907z\"\n    },\n    \"sankey\": {\n        \"itemStyle\": {\n            \"normal\": {\n                \"borderWidth\": \"0\",\n                \"borderColor\": \"#ccc\"\n            },\n            \"emphasis\": {\n                \"borderWidth\": \"0\",\n                \"borderColor\": \"#ccc\"\n            }\n        },\n        \"symbol\": \"path://M237.062,81.761L237.062,81.761c-12.144-14.24-25.701-20.1-40.68-19.072 c-10.843,0.747-20.938,5.154-30.257,13.127c-9.51-5.843-19.8-9.227-30.859-10.366c0.521-3.197,1.46-6.306,2.85-9.363 c3.458-7.038,8.907-12.741,16.331-17.296c-5.609-3.384-11.227-6.799-16.854-10.279c-16.257,8.104-25.06,20.601-26.463,38.417 c-7.599,1.705-14.685,4.486-21.247,8.437c-9.164-7.677-18.996-11.917-29.496-12.632c-14.819-0.998-28.467,4.787-40.938,18.827 C6.445,96.182,0,114.867,0,136.242c-0.007,6.371,0.674,12.646,2.053,18.738c4.593,22.785,15.398,41.367,32.558,55.344 c15.43,12.773,29.901,18.023,43.362,16.981c7.074-0.561,13.624-3.977,19.685-10.192c10.534,5.49,20.391,8.217,29.561,8.203 c9.856-0.012,20.236-2.953,31.125-8.898c6.227,6.692,12.966,10.346,20.211,10.933c13.795,1.073,28.614-4.111,44.377-16.84 c17.49-14.104,28.043-32.79,31.796-55.485c0.836-5.624,1.272-11.292,1.272-16.966C255.998,115.814,249.707,96.601,237.062,81.761z  M54.795,97.7l40.661,14.496c-4.402,8.811-10.766,13.219-19.06,13.219c-2.542,0-4.917-0.419-7.122-1.274 C58.103,118.38,53.263,109.572,54.795,97.7z M150.613,185.396l-9.156-8.389l-7.619,12.951c-3.391,0.341-6.615,0.514-9.665,0.514 c-4.401,0-8.635-0.263-12.708-0.777l-8.634-14.973l-9.151,9.909c-4.91-2.717-9.15-5.856-12.708-9.413 c-8.81-8.295-13.384-17.959-13.727-28.97c2.877,1.692,7.427,3.461,13.675,5.308l10.636,13.629l9.44-9.852 c4.734,0.702,9.234,1.12,13.466,1.275l10.689,11.498l9.671-11.949c3.559-0.173,7.285-0.515,11.182-1.01l9.924,10.159l10.933-14.227 c5.931-1.351,11.196-2.798,15.771-4.323C179.747,163.538,169.068,176.414,150.613,185.396z M175.258,124.907 c-2.209,0.849-4.66,1.273-7.369,1.273c-8.134,0-14.489-4.415-19.052-13.224l40.905-14.477 C191.105,110.331,186.273,119.141,175.258,124.907z\"\n    },\n    \"funnel\": {\n        \"itemStyle\": {\n            \"normal\": {\n                \"borderWidth\": \"0\",\n                \"borderColor\": \"#ccc\"\n            },\n            \"emphasis\": {\n                \"borderWidth\": \"0\",\n                \"borderColor\": \"#ccc\"\n            }\n        },\n        \"symbol\": \"path://M237.062,81.761L237.062,81.761c-12.144-14.24-25.701-20.1-40.68-19.072 c-10.843,0.747-20.938,5.154-30.257,13.127c-9.51-5.843-19.8-9.227-30.859-10.366c0.521-3.197,1.46-6.306,2.85-9.363 c3.458-7.038,8.907-12.741,16.331-17.296c-5.609-3.384-11.227-6.799-16.854-10.279c-16.257,8.104-25.06,20.601-26.463,38.417 c-7.599,1.705-14.685,4.486-21.247,8.437c-9.164-7.677-18.996-11.917-29.496-12.632c-14.819-0.998-28.467,4.787-40.938,18.827 C6.445,96.182,0,114.867,0,136.242c-0.007,6.371,0.674,12.646,2.053,18.738c4.593,22.785,15.398,41.367,32.558,55.344 c15.43,12.773,29.901,18.023,43.362,16.981c7.074-0.561,13.624-3.977,19.685-10.192c10.534,5.49,20.391,8.217,29.561,8.203 c9.856-0.012,20.236-2.953,31.125-8.898c6.227,6.692,12.966,10.346,20.211,10.933c13.795,1.073,28.614-4.111,44.377-16.84 c17.49-14.104,28.043-32.79,31.796-55.485c0.836-5.624,1.272-11.292,1.272-16.966C255.998,115.814,249.707,96.601,237.062,81.761z  M54.795,97.7l40.661,14.496c-4.402,8.811-10.766,13.219-19.06,13.219c-2.542,0-4.917-0.419-7.122-1.274 C58.103,118.38,53.263,109.572,54.795,97.7z M150.613,185.396l-9.156-8.389l-7.619,12.951c-3.391,0.341-6.615,0.514-9.665,0.514 c-4.401,0-8.635-0.263-12.708-0.777l-8.634-14.973l-9.151,9.909c-4.91-2.717-9.15-5.856-12.708-9.413 c-8.81-8.295-13.384-17.959-13.727-28.97c2.877,1.692,7.427,3.461,13.675,5.308l10.636,13.629l9.44-9.852 c4.734,0.702,9.234,1.12,13.466,1.275l10.689,11.498l9.671-11.949c3.559-0.173,7.285-0.515,11.182-1.01l9.924,10.159l10.933-14.227 c5.931-1.351,11.196-2.798,15.771-4.323C179.747,163.538,169.068,176.414,150.613,185.396z M175.258,124.907 c-2.209,0.849-4.66,1.273-7.369,1.273c-8.134,0-14.489-4.415-19.052-13.224l40.905-14.477 C191.105,110.331,186.273,119.141,175.258,124.907z\"\n    },\n    \"gauge\": {\n        \"itemStyle\": {\n            \"normal\": {\n                \"borderWidth\": \"0\",\n                \"borderColor\": \"#ccc\"\n            },\n            \"emphasis\": {\n                \"borderWidth\": \"0\",\n                \"borderColor\": \"#ccc\"\n            }\n        },\n        \"symbol\": \"path://M237.062,81.761L237.062,81.761c-12.144-14.24-25.701-20.1-40.68-19.072 c-10.843,0.747-20.938,5.154-30.257,13.127c-9.51-5.843-19.8-9.227-30.859-10.366c0.521-3.197,1.46-6.306,2.85-9.363 c3.458-7.038,8.907-12.741,16.331-17.296c-5.609-3.384-11.227-6.799-16.854-10.279c-16.257,8.104-25.06,20.601-26.463,38.417 c-7.599,1.705-14.685,4.486-21.247,8.437c-9.164-7.677-18.996-11.917-29.496-12.632c-14.819-0.998-28.467,4.787-40.938,18.827 C6.445,96.182,0,114.867,0,136.242c-0.007,6.371,0.674,12.646,2.053,18.738c4.593,22.785,15.398,41.367,32.558,55.344 c15.43,12.773,29.901,18.023,43.362,16.981c7.074-0.561,13.624-3.977,19.685-10.192c10.534,5.49,20.391,8.217,29.561,8.203 c9.856-0.012,20.236-2.953,31.125-8.898c6.227,6.692,12.966,10.346,20.211,10.933c13.795,1.073,28.614-4.111,44.377-16.84 c17.49-14.104,28.043-32.79,31.796-55.485c0.836-5.624,1.272-11.292,1.272-16.966C255.998,115.814,249.707,96.601,237.062,81.761z  M54.795,97.7l40.661,14.496c-4.402,8.811-10.766,13.219-19.06,13.219c-2.542,0-4.917-0.419-7.122-1.274 C58.103,118.38,53.263,109.572,54.795,97.7z M150.613,185.396l-9.156-8.389l-7.619,12.951c-3.391,0.341-6.615,0.514-9.665,0.514 c-4.401,0-8.635-0.263-12.708-0.777l-8.634-14.973l-9.151,9.909c-4.91-2.717-9.15-5.856-12.708-9.413 c-8.81-8.295-13.384-17.959-13.727-28.97c2.877,1.692,7.427,3.461,13.675,5.308l10.636,13.629l9.44-9.852 c4.734,0.702,9.234,1.12,13.466,1.275l10.689,11.498l9.671-11.949c3.559-0.173,7.285-0.515,11.182-1.01l9.924,10.159l10.933-14.227 c5.931-1.351,11.196-2.798,15.771-4.323C179.747,163.538,169.068,176.414,150.613,185.396z M175.258,124.907 c-2.209,0.849-4.66,1.273-7.369,1.273c-8.134,0-14.489-4.415-19.052-13.224l40.905-14.477 C191.105,110.331,186.273,119.141,175.258,124.907z\"\n    },\n    \"candlestick\": {\n        \"itemStyle\": {\n            \"normal\": {\n                \"color\": \"#ffee51\",\n                \"color0\": \"#ffffff\",\n                \"borderColor\": \"#ff715e\",\n                \"borderColor0\": \"#797fba\",\n                \"borderWidth\": \"1\"\n            }\n        }\n    },\n    \"graph\": {\n        \"itemStyle\": {\n            \"normal\": {\n                \"borderWidth\": \"0\",\n                \"borderColor\": \"#ccc\"\n            }\n        },\n        \"lineStyle\": {\n            \"normal\": {\n                \"width\": \"1\",\n                \"color\": \"#888888\"\n            }\n        },\n        \"symbolSize\": \"8\",\n        \"symbol\": \"path://M237.062,81.761L237.062,81.761c-12.144-14.24-25.701-20.1-40.68-19.072 c-10.843,0.747-20.938,5.154-30.257,13.127c-9.51-5.843-19.8-9.227-30.859-10.366c0.521-3.197,1.46-6.306,2.85-9.363 c3.458-7.038,8.907-12.741,16.331-17.296c-5.609-3.384-11.227-6.799-16.854-10.279c-16.257,8.104-25.06,20.601-26.463,38.417 c-7.599,1.705-14.685,4.486-21.247,8.437c-9.164-7.677-18.996-11.917-29.496-12.632c-14.819-0.998-28.467,4.787-40.938,18.827 C6.445,96.182,0,114.867,0,136.242c-0.007,6.371,0.674,12.646,2.053,18.738c4.593,22.785,15.398,41.367,32.558,55.344 c15.43,12.773,29.901,18.023,43.362,16.981c7.074-0.561,13.624-3.977,19.685-10.192c10.534,5.49,20.391,8.217,29.561,8.203 c9.856-0.012,20.236-2.953,31.125-8.898c6.227,6.692,12.966,10.346,20.211,10.933c13.795,1.073,28.614-4.111,44.377-16.84 c17.49-14.104,28.043-32.79,31.796-55.485c0.836-5.624,1.272-11.292,1.272-16.966C255.998,115.814,249.707,96.601,237.062,81.761z  M54.795,97.7l40.661,14.496c-4.402,8.811-10.766,13.219-19.06,13.219c-2.542,0-4.917-0.419-7.122-1.274 C58.103,118.38,53.263,109.572,54.795,97.7z M150.613,185.396l-9.156-8.389l-7.619,12.951c-3.391,0.341-6.615,0.514-9.665,0.514 c-4.401,0-8.635-0.263-12.708-0.777l-8.634-14.973l-9.151,9.909c-4.91-2.717-9.15-5.856-12.708-9.413 c-8.81-8.295-13.384-17.959-13.727-28.97c2.877,1.692,7.427,3.461,13.675,5.308l10.636,13.629l9.44-9.852 c4.734,0.702,9.234,1.12,13.466,1.275l10.689,11.498l9.671-11.949c3.559-0.173,7.285-0.515,11.182-1.01l9.924,10.159l10.933-14.227 c5.931-1.351,11.196-2.798,15.771-4.323C179.747,163.538,169.068,176.414,150.613,185.396z M175.258,124.907 c-2.209,0.849-4.66,1.273-7.369,1.273c-8.134,0-14.489-4.415-19.052-13.224l40.905-14.477 C191.105,110.331,186.273,119.141,175.258,124.907z\",\n        \"smooth\": false,\n        \"color\": [\n            \"#ff715e\",\n            \"#ffaf51\",\n            \"#ffee51\",\n            \"#8c6ac4\",\n            \"#715c87\"\n        ],\n        \"label\": {\n            \"normal\": {\n                \"textStyle\": {\n                    \"color\": \"#333333\"\n                }\n            }\n        }\n    },\n    \"map\": {\n        \"itemStyle\": {\n            \"normal\": {\n                \"areaColor\": \"#555555\",\n                \"borderColor\": \"#999999\",\n                \"borderWidth\": 0.5\n            },\n            \"emphasis\": {\n                \"areaColor\": \"rgba(255,175,81,0.5)\",\n                \"borderColor\": \"#ffaf51\",\n                \"borderWidth\": 1\n            }\n        },\n        \"label\": {\n            \"normal\": {\n                \"textStyle\": {\n                    \"color\": \"#ffffff\"\n                }\n            },\n            \"emphasis\": {\n                \"textStyle\": {\n                    \"color\": \"rgb(255,238,81)\"\n                }\n            }\n        }\n    },\n    \"geo\": {\n        \"itemStyle\": {\n            \"normal\": {\n                \"areaColor\": \"#555555\",\n                \"borderColor\": \"#999999\",\n                \"borderWidth\": 0.5\n            },\n            \"emphasis\": {\n                \"areaColor\": \"rgba(255,175,81,0.5)\",\n                \"borderColor\": \"#ffaf51\",\n                \"borderWidth\": 1\n            }\n        },\n        \"label\": {\n            \"normal\": {\n                \"textStyle\": {\n                    \"color\": \"#ffffff\"\n                }\n            },\n            \"emphasis\": {\n                \"textStyle\": {\n                    \"color\": \"rgb(255,238,81)\"\n                }\n            }\n        }\n    },\n    \"categoryAxis\": {\n        \"axisLine\": {\n            \"show\": true,\n            \"lineStyle\": {\n                \"color\": \"#666666\"\n            }\n        },\n        \"axisTick\": {\n            \"show\": false,\n            \"lineStyle\": {\n                \"color\": \"#333\"\n            }\n        },\n        \"axisLabel\": {\n            \"show\": true,\n            \"textStyle\": {\n                \"color\": \"#999999\"\n            }\n        },\n        \"splitLine\": {\n            \"show\": true,\n            \"lineStyle\": {\n                \"color\": [\n                    \"#555555\"\n                ]\n            }\n        },\n        \"splitArea\": {\n            \"show\": false,\n            \"areaStyle\": {\n                \"color\": [\n                    \"rgba(250,250,250,0.05)\",\n                    \"rgba(200,200,200,0.02)\"\n                ]\n            }\n        }\n    },\n    \"valueAxis\": {\n        \"axisLine\": {\n            \"show\": true,\n            \"lineStyle\": {\n                \"color\": \"#666666\"\n            }\n        },\n        \"axisTick\": {\n            \"show\": false,\n            \"lineStyle\": {\n                \"color\": \"#333\"\n            }\n        },\n        \"axisLabel\": {\n            \"show\": true,\n            \"textStyle\": {\n                \"color\": \"#999999\"\n            }\n        },\n        \"splitLine\": {\n            \"show\": true,\n            \"lineStyle\": {\n                \"color\": [\n                    \"#555555\"\n                ]\n            }\n        },\n        \"splitArea\": {\n            \"show\": false,\n            \"areaStyle\": {\n                \"color\": [\n                    \"rgba(250,250,250,0.05)\",\n                    \"rgba(200,200,200,0.02)\"\n                ]\n            }\n        }\n    },\n    \"logAxis\": {\n        \"axisLine\": {\n            \"show\": true,\n            \"lineStyle\": {\n                \"color\": \"#666666\"\n            }\n        },\n        \"axisTick\": {\n            \"show\": false,\n            \"lineStyle\": {\n                \"color\": \"#333\"\n            }\n        },\n        \"axisLabel\": {\n            \"show\": true,\n            \"textStyle\": {\n                \"color\": \"#999999\"\n            }\n        },\n        \"splitLine\": {\n            \"show\": true,\n            \"lineStyle\": {\n                \"color\": [\n                    \"#555555\"\n                ]\n            }\n        },\n        \"splitArea\": {\n            \"show\": false,\n            \"areaStyle\": {\n                \"color\": [\n                    \"rgba(250,250,250,0.05)\",\n                    \"rgba(200,200,200,0.02)\"\n                ]\n            }\n        }\n    },\n    \"timeAxis\": {\n        \"axisLine\": {\n            \"show\": true,\n            \"lineStyle\": {\n                \"color\": \"#666666\"\n            }\n        },\n        \"axisTick\": {\n            \"show\": false,\n            \"lineStyle\": {\n                \"color\": \"#333\"\n            }\n        },\n        \"axisLabel\": {\n            \"show\": true,\n            \"textStyle\": {\n                \"color\": \"#999999\"\n            }\n        },\n        \"splitLine\": {\n            \"show\": true,\n            \"lineStyle\": {\n                \"color\": [\n                    \"#555555\"\n                ]\n            }\n        },\n        \"splitArea\": {\n            \"show\": false,\n            \"areaStyle\": {\n                \"color\": [\n                    \"rgba(250,250,250,0.05)\",\n                    \"rgba(200,200,200,0.02)\"\n                ]\n            }\n        }\n    },\n    \"toolbox\": {\n        \"iconStyle\": {\n            \"normal\": {\n                \"borderColor\": \"#999999\"\n            },\n            \"emphasis\": {\n                \"borderColor\": \"#666666\"\n            }\n        }\n    },\n    \"legend\": {\n        \"textStyle\": {\n            \"color\": \"#999999\"\n        }\n    },\n    \"tooltip\": {\n        \"axisPointer\": {\n            \"lineStyle\": {\n                \"color\": \"#cccccc\",\n                \"width\": 1\n            },\n            \"crossStyle\": {\n                \"color\": \"#cccccc\",\n                \"width\": 1\n            }\n        }\n    },\n    \"timeline\": {\n        \"lineStyle\": {\n            \"color\": \"#ffaf51\",\n            \"width\": 1\n        },\n        \"itemStyle\": {\n            \"normal\": {\n                \"color\": \"#ffaf51\",\n                \"borderWidth\": 1\n            },\n            \"emphasis\": {\n                \"color\": \"#ffaf51\"\n            }\n        },\n        \"controlStyle\": {\n            \"normal\": {\n                \"color\": \"#ffaf51\",\n                \"borderColor\": \"#ffaf51\",\n                \"borderWidth\": 0.5\n            },\n            \"emphasis\": {\n                \"color\": \"#ffaf51\",\n                \"borderColor\": \"#ffaf51\",\n                \"borderWidth\": 0.5\n            }\n        },\n        \"checkpointStyle\": {\n            \"color\": \"#ff715e\",\n            \"borderColor\": \"rgba(255,113,94,0.4)\"\n        },\n        \"label\": {\n            \"normal\": {\n                \"textStyle\": {\n                    \"color\": \"#ff715e\"\n                }\n            },\n            \"emphasis\": {\n                \"textStyle\": {\n                    \"color\": \"#ff715e\"\n                }\n            }\n        }\n    },\n    \"visualMap\": {\n        \"color\": [\n            \"#ff715e\",\n            \"#ffee51\",\n            \"#797fba\"\n        ]\n    },\n    \"dataZoom\": {\n        \"backgroundColor\": \"rgba(255,255,255,0)\",\n        \"dataBackgroundColor\": \"rgba(222,222,222,1)\",\n        \"fillerColor\": \"rgba(255,113,94,0.2)\",\n        \"handleColor\": \"#cccccc\",\n        \"handleSize\": \"100%\",\n        \"textStyle\": {\n            \"color\": \"#999999\"\n        }\n    },\n    \"markPoint\": {\n        \"label\": {\n            \"normal\": {\n                \"textStyle\": {\n                    \"color\": \"#333333\"\n                }\n            },\n            \"emphasis\": {\n                \"textStyle\": {\n                    \"color\": \"#333333\"\n                }\n            }\n        }\n    }\n}\n','','1','2019-09-08 18:03:31');
/*!40000 ALTER TABLE `pn_echart_theme` ENABLE KEYS */;
UNLOCK TABLES;

--
-- Table structure for table `pn_page`
--

DROP TABLE IF EXISTS `pn_page`;
/*!40101 SET @saved_cs_client     = @@character_set_client */;
/*!40101 SET character_set_client = utf8 */;
CREATE TABLE `pn_page` (
  `id` varchar(64) NOT NULL,
  `project_id` varchar(64) DEFAULT NULL,
  `name` varchar(255) DEFAULT NULL,
  `path` text,
  `component` varchar(255) DEFAULT NULL,
  `developCanvas` varchar(255) DEFAULT NULL,
  `remark` text,
  `layout` longtext,
  `ownEchartTheme` char(1) DEFAULT NULL COMMENT '是否独立应用主题',
  `echartThemeId` varchar(255) DEFAULT NULL,
  `publish` char(1) DEFAULT '0' COMMENT '发布状态',
  `encrypt` char(1) DEFAULT '0' COMMENT '是否加密',
  `password` varchar(255) DEFAULT NULL COMMENT '页面访问密码',
  `create_date` varchar(255) DEFAULT NULL,
  PRIMARY KEY (`id`)
) ENGINE=InnoDB DEFAULT CHARSET=utf8 COMMENT='页面信息表';
/*!40101 SET character_set_client = @saved_cs_client */;

--
-- Dumping data for table `pn_page`
--

LOCK TABLES `pn_page` WRITE;
/*!40000 ALTER TABLE `pn_page` DISABLE KEYS */;
INSERT INTO `pn_page` VALUES ('0f367bcbef3c4d26b60148f74b2f346c','41c82375711c47b4929db858ffe4249f','eee','/1582801779403','AbsoluteLayout','AbsoluteLayoutCanvas','','{\"id\":\"4b509f0006e014bc0bc6700963572fd8\",\"layoutConfigData\":{\"width\":1024,\"widthPixelUnit\":\"px\",\"height\":768,\"heightPixelUnit\":\"px\",\"backgroundColor\":\"#0E2B43\",\"syncSetPageBgColor\":false,\"showGrid\":false,\"canvasGridClass\":\"canvas-grid-white-10px10px\",\"dragPixel\":1,\"imageRelativePath\":\"\",\"imageRepeat\":\"no-repeat\",\"imageSize\":\"100% 100%\"},\"layoutItems\":[]}','0','','0','0',NULL,'2020-02-27 19:09:40'),('745742caded547ad9e6c5ad7f8a8e986','41c82375711c47b4929db858ffe4249f','测试','/1582801550908','AbsoluteLayout','AbsoluteLayoutCanvas','','{\"id\":\"a88938cd333417fdc9151ebc19c07f54\",\"layoutConfigData\":{\"width\":1024,\"widthPixelUnit\":\"px\",\"height\":768,\"heightPixelUnit\":\"px\",\"backgroundColor\":\"#0E2B43\",\"syncSetPageBgColor\":false,\"showGrid\":false,\"canvasGridClass\":\"canvas-grid-white-10px10px\",\"dragPixel\":1,\"imageRelativePath\":\"\",\"imageRepeat\":\"no-repeat\",\"imageSize\":\"100% 100%\"},\"layoutItems\":[{\"id\":\"f47e7bab9a5af253f079ecb6a8a9af49\",\"name\":\"DefaultLayoutItem\",\"aliasName\":\"\",\"layoutItemConfigData\":{\"draggableEnabled\":true,\"resizableEnabled\":true,\"width\":250,\"height\":250,\"left\":578,\"top\":68,\"backgroundColor\":\"\",\"padding\":0,\"backgroundColorHover\":\"\",\"borderWidth\":0,\"borderStyle\":\"solid\",\"borderColor\":\"#000\",\"borderTopLeftRadius\":0,\"borderTopRightRadius\":0,\"borderBottomLeftRadius\":0,\"borderBottomRightRadius\":0,\"boxShadowInset\":false,\"boxShadowLeft\":0,\"boxShadowTop\":0,\"boxShadowRadius\":0,\"boxShadowColor\":\"\",\"zIndex\":2,\"display\":\"block\"},\"component\":{\"id\":\"91e95ff9ba82c7357f0cdd7be76ebcbc\",\"name\":\"BaseBarChart\",\"compConfigData\":{\"chartOption\":{\"backgroundColor\":\"\",\"color\":\"#2196f3\",\"title\":{\"show\":false,\"text\":\"基本柱状图\",\"textAlign\":\"auto\"},\"grid\":{\"left\":\"40px\",\"top\":\"20px\",\"right\":\"20px\",\"bottom\":\"30px\"},\"xAxis\":{\"show\":true,\"axisLine\":{\"show\":false,\"lineStyle\":{\"color\":\"#fff\"}},\"axisLabel\":{\"color\":\"#fff\"}},\"yAxis\":{\"show\":false,\"axisLabel\":{\"color\":\"#FFF\"}}},\"ds_type\":\"static\",\"ds_apiPath\":\"\",\"ds_resultObjTemplate\":[{\"field\":\"label\",\"remark\":\"类目\"},{\"field\":\"value\",\"remark\":\"值\"}],\"ds_resultObj\":[{\"label\":\"南宁\",\"value\":10},{\"label\":\"柳州\",\"value\":52},{\"label\":\"桂林\",\"value\":200},{\"label\":\"崇左\",\"value\":334},{\"label\":\"北海\",\"value\":390},{\"label\":\"防城港\",\"value\":330},{\"label\":\"玉林\",\"value\":220}],\"ds_linkageUrlParams\":[],\"ds_useHttpServerProxy\":false}}},{\"id\":\"5f9f3a87ea308e2ad48504403635b6e9\",\"name\":\"DefaultLayoutItem\",\"aliasName\":\"\",\"layoutItemConfigData\":{\"draggableEnabled\":true,\"resizableEnabled\":true,\"width\":250,\"height\":250,\"left\":574,\"top\":360,\"backgroundColor\":\"\",\"padding\":0,\"backgroundColorHover\":\"\",\"borderWidth\":0,\"borderStyle\":\"solid\",\"borderColor\":\"#000\",\"borderTopLeftRadius\":0,\"borderTopRightRadius\":0,\"borderBottomLeftRadius\":0,\"borderBottomRightRadius\":0,\"boxShadowInset\":false,\"boxShadowLeft\":0,\"boxShadowTop\":0,\"boxShadowRadius\":0,\"boxShadowColor\":\"\",\"zIndex\":2,\"display\":\"block\"},\"component\":{\"id\":\"c4e76ba7b03348dd6e21b5e57ff60979\",\"name\":\"BasePieChart\",\"compConfigData\":{\"chartOption\":{\"title\":{\"show\":false,\"text\":\"基本柱状图\",\"subtext\":\"\",\"x\":\"left\",\"textStyle\":{\"color\":\"#fff\"}},\"legend\":{\"show\":true,\"orient\":\"vertical\",\"left\":\"right\",\"top\":\"auto\",\"textStyle\":{\"color\":\"#fff\"}},\"tooltip\":{\"formatter\":\"{b} <br/>{c} ({d}%)\"},\"series\":{\"radius\":[\"0\",\"50%\"],\"center\":[\"50%\",\"50%\"],\"roseType\":false,\"label\":{\"normal\":{\"show\":true,\"position\":\"outside\"},\"emphasis\":{\"show\":true,\"textStyle\":{}}},\"labelLine\":{\"normal\":{\"show\":true},\"emphasis\":{\"show\":true}}}},\"ds_type\":\"static\",\"ds_apiPath\":\"\",\"ds_resultObjTemplate\":[{\"field\":\"name\",\"remark\":\"类目\"},{\"field\":\"value\",\"remark\":\"值\"}],\"ds_resultObj\":[{\"name\":\"南宁\",\"value\":10},{\"name\":\"柳州\",\"value\":52},{\"name\":\"桂林\",\"value\":200},{\"name\":\"崇左\",\"value\":334},{\"name\":\"北海\",\"value\":390},{\"name\":\"防城港\",\"value\":330},{\"name\":\"玉林\",\"value\":220}],\"ds_linkageUrlParams\":[],\"ds_useHttpServerProxy\":false}}},{\"id\":\"ad0ae7c4bcec707110a1a26b0e697197\",\"name\":\"DefaultLayoutItem\",\"aliasName\":\"\",\"layoutItemConfigData\":{\"draggableEnabled\":true,\"resizableEnabled\":true,\"width\":390,\"height\":428,\"left\":124,\"top\":54,\"backgroundColor\":\"\",\"padding\":0,\"backgroundColorHover\":\"\",\"borderWidth\":0,\"borderStyle\":\"solid\",\"borderColor\":\"#000\",\"borderTopLeftRadius\":0,\"borderTopRightRadius\":0,\"borderBottomLeftRadius\":0,\"borderBottomRightRadius\":0,\"boxShadowInset\":false,\"boxShadowLeft\":0,\"boxShadowTop\":0,\"boxShadowRadius\":0,\"boxShadowColor\":\"\",\"zIndex\":2,\"display\":\"block\"},\"component\":{\"id\":\"dce718f3160d53d92d8b7633599e47c0\",\"name\":\"ImageComp\",\"compConfigData\":{\"relativePath\":\"/static/file/745742caded547ad9e6c5ad7f8a8e986_03356483.jpg\",\"width\":\"100%\",\"height\":\"100%\"}}}]}','0','','1','0','','2020-02-27 19:05:53');
/*!40000 ALTER TABLE `pn_page` ENABLE KEYS */;
UNLOCK TABLES;

--
-- Table structure for table `pn_project`
--

DROP TABLE IF EXISTS `pn_project`;
/*!40101 SET @saved_cs_client     = @@character_set_client */;
/*!40101 SET character_set_client = utf8 */;
CREATE TABLE `pn_project` (
  `id` varchar(64) NOT NULL,
  `name` varchar(64) DEFAULT NULL,
  `remark` text,
  `echartThemeId` varchar(255) DEFAULT NULL,
  `userid` varchar(64) DEFAULT NULL,
  `create_date` varchar(255) DEFAULT NULL,
  PRIMARY KEY (`id`)
) ENGINE=InnoDB DEFAULT CHARSET=utf8 COMMENT='工程表';
/*!40101 SET character_set_client = @saved_cs_client */;

--
-- Dumping data for table `pn_project`
--

LOCK TABLES `pn_project` WRITE;
/*!40000 ALTER TABLE `pn_project` DISABLE KEYS */;
INSERT INTO `pn_project` VALUES ('41c82375711c47b4929db858ffe4249f','测试','','','1','2020-02-27 17:23:57');
/*!40000 ALTER TABLE `pn_project` ENABLE KEYS */;
UNLOCK TABLES;

--
-- Table structure for table `pn_role`
--

DROP TABLE IF EXISTS `pn_role`;
/*!40101 SET @saved_cs_client     = @@character_set_client */;
/*!40101 SET character_set_client = utf8 */;
CREATE TABLE `pn_role` (
  `id` varchar(64) NOT NULL,
  `rolecode` varchar(255) DEFAULT NULL,
  `rolename` varchar(255) DEFAULT NULL,
  `create_date` varchar(255) DEFAULT NULL,
  PRIMARY KEY (`id`)
) ENGINE=InnoDB DEFAULT CHARSET=utf8;
/*!40101 SET character_set_client = @saved_cs_client */;

--
-- Dumping data for table `pn_role`
--

LOCK TABLES `pn_role` WRITE;
/*!40000 ALTER TABLE `pn_role` DISABLE KEYS */;
INSERT INTO `pn_role` VALUES ('1','001','管理员','2020-01-01 17:09:51'),('2','002','普通用户','2020-01-01 17:09:51');
/*!40000 ALTER TABLE `pn_role` ENABLE KEYS */;
UNLOCK TABLES;

--
-- Table structure for table `pn_user`
--

DROP TABLE IF EXISTS `pn_user`;
/*!40101 SET @saved_cs_client     = @@character_set_client */;
/*!40101 SET character_set_client = utf8 */;
CREATE TABLE `pn_user` (
  `id` varchar(64) NOT NULL,
  `username` varchar(255) DEFAULT NULL,
  `password` varchar(255) DEFAULT NULL,
  `status` char(1) DEFAULT NULL,
  `roleid` varchar(64) DEFAULT NULL,
  `email` varchar(255) DEFAULT NULL,
  `qq` varchar(255) DEFAULT NULL,
  `profession` varchar(255) DEFAULT NULL COMMENT '职业',
  `create_date` varchar(255) DEFAULT NULL,
  PRIMARY KEY (`id`)
) ENGINE=InnoDB DEFAULT CHARSET=utf8;
/*!40101 SET character_set_client = @saved_cs_client */;

--
-- Dumping data for table `pn_user`
--

LOCK TABLES `pn_user` WRITE;
/*!40000 ALTER TABLE `pn_user` DISABLE KEYS */;
INSERT INTO `pn_user` VALUES ('1','admin','202cb962ac59075b964b07152d234b70','1','1',NULL,NULL,NULL,'2020-01-01 17:09:51');
/*!40000 ALTER TABLE `pn_user` ENABLE KEYS */;
UNLOCK TABLES;
/*!40103 SET TIME_ZONE=@OLD_TIME_ZONE */;

/*!40101 SET SQL_MODE=@OLD_SQL_MODE */;
/*!40014 SET FOREIGN_KEY_CHECKS=@OLD_FOREIGN_KEY_CHECKS */;
/*!40014 SET UNIQUE_CHECKS=@OLD_UNIQUE_CHECKS */;
/*!40101 SET CHARACTER_SET_CLIENT=@OLD_CHARACTER_SET_CLIENT */;
/*!40101 SET CHARACTER_SET_RESULTS=@OLD_CHARACTER_SET_RESULTS */;
/*!40101 SET COLLATION_CONNECTION=@OLD_COLLATION_CONNECTION */;
/*!40111 SET SQL_NOTES=@OLD_SQL_NOTES */;

-- Dump completed on 2020-02-27 19:37:59
